chr	start	end	baseMean	log2FoldChange	pvalue	padj
chr6	84684385	84684635	60.6	2.4	2.638e-12	9.109e-08
chr15	69407007	69407257	53	2.9	6.698e-12	9.109e-08
chr4	153551494	153551744	31.3	3.6	1.403e-11	1.102e-07
chr10	63525397	63525647	58.8	2.9	7.622e-12	1.102e-07
chr4	35762552	35762802	54.9	4	1.514e-10	7.193e-07
chr11	78377710	78377960	45	2.6	2.796e-10	1.175e-06
chr11	13789088	13789338	37.3	2.3	5.068e-10	1.825e-06
chr15	70740376	70740626	52.6	1.9	7.551e-10	2.993e-06
chr1	65696833	65697083	34.5	2.1	2.364e-09	5.410e-06
chr5	36704331	36704581	25.5	2.1	2.608e-09	5.410e-06
chr14	95989655	95989905	34.7	2	2.729e-09	5.410e-06
chr18	52538581	52538831	22.4	2.1	3.923e-09	7.093e-06
chr6	145207898	145208148	40.7	2.2	6.237e-09	1.041e-05
chr1	70005840	70006090	56	2.2	2.061e-09	1.045e-05
chr2	149208653	149208903	25	2.6	9.710e-09	1.149e-05
chr4	164101364	164101614	22.9	2.4	9.190e-09	1.149e-05
chr5	85822667	85822917	70.9	2.5	2.532e-09	1.149e-05
chr7	132174597	132174847	56.5	2.9	2.995e-09	1.149e-05
chr8	37531144	37531394	47.5	1.9	7.424e-09	1.149e-05
chr2	209436513	209436763	40	2.5	9.732e-09	1.227e-05
chr11	114086659	114086909	68.9	2.1	6.031e-09	1.661e-05
chr13	46917831	46918081	37.6	2.1	2.185e-08	2.155e-05
chr1	93517615	93517865	28.8	2	3.100e-08	2.823e-05
chr1	153316345	153316595	53.6	2	2.981e-08	2.823e-05
chr18	21412933	21413183	22.3	2.3	2.541e-08	2.823e-05
chr21	25644833	25645083	37.7	2.3	3.089e-08	2.823e-05
chr4	55437479	55437729	66.6	1.8	1.283e-08	3.281e-05
chr2	16931496	16931746	25.5	2	4.877e-08	3.372e-05
chr9	117450724	117450974	30.3	1.8	4.259e-08	3.372e-05
chr9	127736228	127736478	37.3	2.5	4.854e-08	3.372e-05
chr10	15493205	15493455	38.3	2.2	4.662e-08	3.372e-05
chr10	19024748	19024998	40.3	2.3	4.469e-08	3.372e-05
chr22	32333424	32333674	38.7	1.8	4.456e-08	3.372e-05
chr1	231120896	231121146	27.1	2.2	5.987e-08	3.880e-05
chr14	88491018	88491268	38	1.9	7.373e-08	4.570e-05
chr7	16308639	16308889	46.7	2	7.534e-08	5.179e-05
chr1	38503250	38503500	21.5	2.6	8.695e-08	5.550e-05
chr1	156430355	156430605	47	1.9	7.315e-08	6.021e-05
chr9	14927096	14927346	38.1	2.6	1.082e-07	6.021e-05
chr12	57068547	57068797	35.9	-2.1	1.122e-07	6.297e-05
chr3	73193089	73193339	55.8	2.2	3.757e-08	6.298e-05
chrX	154356316	154356566	28	2.4	1.219e-07	6.298e-05
chr4	1884607	1884857	49.6	2.3	1.188e-07	6.678e-05
chr1	116958406	116958656	52.9	1.7	1.420e-07	7.989e-05
chr1	236670678	236670928	30.1	2.3	1.617e-07	8.065e-05
chr1	41099709	41099959	63.8	2.2	9.098e-08	8.156e-05
chr12	89888252	89888502	31.2	-2.3	1.941e-07	8.962e-05
chr15	90652667	90652917	22.5	2.4	2.386e-07	1.095e-04
chr1	54598265	54598515	55	2.1	1.706e-07	1.103e-04
chr14	21179849	21180099	32.6	2.2	2.458e-07	1.103e-04
chr15	50552742	50552992	58.2	2.9	7.969e-08	1.110e-04
chr3	151603309	151603559	24.1	1.8	2.544e-07	1.163e-04
chr6	112164877	112165127	48.3	1.6	2.607e-07	1.217e-04
chr10	9867406	9867656	35.7	2	3.129e-07	1.377e-04
chr19	10727773	10728023	50.5	2.1	3.125e-07	1.406e-04
chr12	38842865	38843115	23	2.2	3.640e-07	1.410e-04
chr15	73861735	73861985	26.3	1.8	4.126e-07	1.595e-04
chr3	195908752	195909002	41.1	1.7	4.365e-07	1.632e-04
chr7	5837434	5837684	28.7	1.9	4.473e-07	1.632e-04
chr15	65588441	65588691	48.5	1.8	3.972e-07	1.632e-04
chr17	59252704	59252954	44.2	1.9	4.214e-07	1.641e-04
chr12	54202826	54203076	30.3	2.2	4.837e-07	1.824e-04
chr17	52938531	52938781	24.8	2.2	5.204e-07	1.824e-04
chr17	33212141	33212391	31.5	3	5.143e-07	1.834e-04
chr1	65946736	65946986	57.5	1.5	2.351e-07	2.092e-04
chr19	3516927	3517177	21	-2.1	6.106e-07	2.198e-04
chr6	2543113	2543363	41	2.9	6.022e-07	2.265e-04
chr1	26259987	26260237	24.3	2.2	7.102e-07	2.268e-04
chr17	73343095	73343345	26.6	2	6.899e-07	2.268e-04
chr4	10327779	10328029	40.6	2.2	6.885e-07	2.337e-04
chr4	26585580	26585830	25.6	1.7	7.791e-07	2.381e-04
chr4	46083794	46084044	29.5	2.9	8.500e-07	2.639e-04
chr4	48205874	48206124	58.7	1.8	3.368e-07	2.639e-04
chr22	43119008	43119258	34.1	2.1	9.001e-07	2.639e-04
chr8	24080369	24080619	45.2	1.7	7.993e-07	2.651e-04
chr19	41370595	41370845	15.7	3.2	4.388e-07	2.651e-04
chr8	117196305	117196555	36	2.6	9.172e-07	2.830e-04
chr10	70030911	70031161	24.5	2.1	1.049e-06	3.195e-04
chr2	28094639	28094889	86.7	1.9	1.038e-07	3.211e-04
chr3	128735528	128735778	42.4	1.9	1.199e-06	3.211e-04
chr8	27838609	27838859	25.6	2	1.145e-06	3.211e-04
chr10	127591739	127591989	21.4	-2.6	1.108e-06	3.211e-04
chr1	117222541	117222791	23.5	1.8	1.290e-06	3.371e-04
chr1	54573918	54574168	25.6	1.8	1.322e-06	3.467e-04
chr6	52794113	52794363	26.4	1.9	1.320e-06	3.484e-04
chr6	46241667	46241917	20.9	2.7	1.186e-06	3.527e-04
chr17	49507320	49507570	29	2.6	1.225e-06	3.550e-04
chr15	68996871	68997121	43.2	2.4	1.299e-06	3.568e-04
chr4	2869523	2869773	18.4	2.6	1.047e-06	3.643e-04
chr20	3440713	3440963	26.9	3	1.484e-06	3.643e-04
chr2	62282066	62282316	17.7	2.8	1.064e-06	3.660e-04
chr20	49990580	49990830	35.9	1.7	1.417e-06	3.660e-04
chr1	88252621	88252871	26.5	2.1	1.484e-06	3.757e-04
chr3	107725032	107725282	31.4	1.7	1.580e-06	3.757e-04
chr6	43839086	43839336	21.4	1.7	1.391e-06	3.757e-04
chr11	65701547	65701797	33.6	1.8	1.596e-06	3.757e-04
chr12	33741225	33741475	30.8	3.2	1.559e-06	3.819e-04
chr10	28783383	28783633	27.2	2.5	1.760e-06	3.957e-04
chr1	45187238	45187488	51.1	2.2	1.239e-06	3.968e-04
chr17	37572529	37572779	29.3	1.6	1.847e-06	4.144e-04
chr4	84195140	84195390	31.2	-2.1	1.838e-06	4.283e-04
chr9	71830890	71831140	28.9	1.8	1.910e-06	4.283e-04
chr2	72119310	72119560	30	1.9	2.111e-06	4.448e-04
chr11	71659769	71660019	48.1	1.4	1.522e-06	4.639e-04
chr9	79245863	79246113	33.6	1.7	2.218e-06	4.802e-04
chr13	27396326	27396576	38.2	1.8	2.291e-06	4.802e-04
chr16	22227762	22228012	62.6	2	7.572e-07	4.802e-04
chr16	72587374	72587624	22.2	1.9	2.047e-06	4.802e-04
chr22	44136780	44137030	13.9	2.4	4.950e-07	4.802e-04
chr2	222285088	222285338	15.5	2.9	1.184e-06	4.912e-04
chr3	131514284	131514534	37.5	1.9	2.441e-06	4.935e-04
chr2	163745270	163745520	14.2	3	4.994e-07	5.000e-04
chr4	70044595	70044845	38.5	1.7	2.518e-06	5.000e-04
chr1	213034120	213034370	49.1	1.6	1.807e-06	5.024e-04
chr9	127420519	127420769	35.6	1.9	2.623e-06	5.118e-04
chr16	50297291	50297541	49.4	1.5	2.428e-06	5.276e-04
chr2	17775034	17775284	21.3	2.3	2.595e-06	5.541e-04
chr3	60975851	60976101	18.8	2.4	2.774e-06	5.541e-04
chr7	24903887	24904137	30.3	1.6	2.919e-06	5.541e-04
chr9	86958139	86958389	33	2.2	2.966e-06	5.541e-04
chr10	26761211	26761461	25.9	2.3	2.970e-06	5.541e-04
chr16	78654278	78654528	32.3	1.6	3.072e-06	5.541e-04
chr17	42077607	42077857	54	1.5	2.868e-06	5.541e-04
chr2	70026256	70026506	69.6	2	1.097e-06	5.541e-04
chr4	160116664	160116914	29.6	1.6	3.232e-06	5.802e-04
chr4	139592771	139593021	48.6	1.5	2.343e-06	5.802e-04
chr10	120850578	120850828	60.8	1.8	1.790e-06	5.802e-04
chr12	32200870	32201120	43.2	1.4	2.977e-06	5.802e-04
chr6	117087741	117087991	22.8	2.3	3.677e-06	6.186e-04
chr6	125403506	125403756	12.8	2.5	7.083e-07	6.186e-04
chr21	20862904	20863154	32.8	1.8	3.730e-06	6.186e-04
chr1	30601888	30602138	17.1	2.3	2.568e-06	6.369e-04
chr11	109763280	109763530	17.3	2	3.267e-06	6.369e-04
chr20	51792024	51792274	55	1.4	3.679e-06	6.639e-04
chr15	35007073	35007323	22.9	1.8	3.868e-06	6.808e-04
chr17	18753269	18753519	34.4	-1.9	4.155e-06	6.856e-04
chr5	96077663	96077913	67.2	1.4	1.370e-06	7.103e-04
chr6	134022771	134023021	37.5	1.6	4.637e-06	7.290e-04
chr10	32261475	32261725	47.9	2	4.600e-06	8.342e-04
chr12	133047763	133048013	32.7	2.1	4.988e-06	8.406e-04
chr17	80422965	80423215	27.7	-1.7	5.253e-06	8.406e-04
chr5	33184577	33184827	23.9	1.9	5.328e-06	8.849e-04
chr12	68764032	68764282	18.5	1.6	4.906e-06	8.849e-04
chr6	56376098	56376348	23.4	1.8	5.939e-06	8.887e-04
chrX	15598065	15598315	73.5	1.5	3.120e-06	8.887e-04
chr1	198048725	198048975	86.4	1.6	5.684e-07	8.961e-04
chr10	114851699	114851949	34.2	1.9	5.575e-06	8.961e-04
chr16	20685474	20685724	21.9	2.3	5.969e-06	8.961e-04
chr20	40054131	40054381	19	2	5.590e-06	8.961e-04
chr14	94214841	94215091	37.5	1.7	5.555e-06	9.166e-04
chr1	167835979	167836229	47.2	1.9	5.868e-06	9.396e-04
chr1	66370344	66370594	15.4	2.5	3.122e-06	9.403e-04
chr2	131059129	131059379	20.5	2.1	6.174e-06	9.468e-04
chr22	37538006	37538256	30.4	1.5	6.679e-06	9.468e-04
chr9	88963431	88963681	47.1	-1.7	5.831e-06	9.482e-04
chr13	111159646	111159896	18.2	2.3	4.505e-06	9.525e-04
chr8	71042857	71043107	21.9	-2.5	6.423e-06	9.721e-04
chr7	1573551	1573801	52.4	-1.6	6.895e-06	1.037e-03
chr8	49049644	49049894	15.2	2.3	3.885e-06	1.115e-03
chr12	4324528	4324778	40.1	1.6	7.536e-06	1.119e-03
chr9	138842236	138842486	43.5	1.3	7.313e-06	1.145e-03
chr3	128278398	128278648	14.9	-2.4	1.786e-06	1.164e-03
chr14	88668240	88668490	32.9	1.7	7.567e-06	1.170e-03
chr1	158125530	158125780	36.5	1.6	8.909e-06	1.171e-03
chr4	124270627	124270877	40.1	2	8.855e-06	1.171e-03
chr10	31110236	31110486	35.6	2	8.352e-06	1.195e-03
chr10	114437467	114437717	33.4	1.9	9.283e-06	1.206e-03
chr3	195638815	195639065	38.4	-1.1	9.157e-06	1.223e-03
chr5	150074384	150074634	21	2.2	8.230e-06	1.235e-03
chrX	47572202	47572452	18.8	2.7	6.370e-06	1.236e-03
chr1	205200208	205200458	17.8	-2.2	8.664e-06	1.285e-03
chr4	175575839	175576089	17	1.5	8.640e-06	1.288e-03
chr20	5152453	5152703	17.2	2	7.093e-06	1.288e-03
chr11	59474387	59474637	26.5	1.7	9.458e-06	1.289e-03
chr15	79615350	79615600	34.4	1.6	8.951e-06	1.289e-03
chr1	33475232	33475482	37.5	1.2	1.055e-05	1.301e-03
chr1	205218333	205218583	79.9	-2	1.001e-06	1.326e-03
chr11	120770477	120770727	26.5	1.8	9.945e-06	1.326e-03
chr19	38760762	38761012	41.9	1.6	9.591e-06	1.326e-03
chr19	38997665	38997915	38.1	1.7	1.102e-05	1.374e-03
chr1	147806570	147806820	43.9	1.9	9.885e-06	1.375e-03
chr12	281012	281262	44.8	1.5	1.017e-05	1.375e-03
chr22	40718260	40718510	24.6	1.5	1.056e-05	1.375e-03
chr22	48963122	48963372	25.7	1.9	1.155e-05	1.408e-03
chr7	69089882	69090132	16.4	2.1	5.811e-06	1.433e-03
chr8	37749338	37749588	68.8	1.2	3.753e-06	1.433e-03
chr1	231189513	231189763	22.3	2.2	1.139e-05	1.448e-03
chr1	39381201	39381451	59.9	1.7	4.444e-06	1.470e-03
chr2	68362674	68362924	22.9	1.5	1.267e-05	1.470e-03
chr13	24434098	24434348	28.4	1.5	1.181e-05	1.470e-03
chr21	40357628	40357878	73	1.4	3.921e-06	1.470e-03
chr13	52596611	52596861	37.1	1.5	1.146e-05	1.477e-03
chr7	99939043	99939293	14.6	-2	2.713e-06	1.484e-03
chr12	98833872	98834122	33.3	1.7	1.262e-05	1.485e-03
chr11	57668874	57669124	22.7	2	1.171e-05	1.535e-03
chr11	47077868	47078118	25.7	1.8	1.362e-05	1.559e-03
chr3	186740184	186740434	40.9	1.4	1.335e-05	1.586e-03
chr11	128646816	128647066	32.9	1.6	1.324e-05	1.586e-03
chr20	44407671	44407921	22	-2.5	1.333e-05	1.586e-03
chr21	31014345	31014595	41.8	1.4	1.255e-05	1.586e-03
chr1	26396974	26397224	56.1	2.1	5.532e-06	1.592e-03
chr20	39374957	39375207	19.8	1.9	1.273e-05	1.598e-03
chr2	163745651	163745901	21	1.8	1.264e-05	1.611e-03
chr1	67382120	67382370	22.2	2.1	1.405e-05	1.628e-03
chr6	13335204	13335454	42.8	1.3	1.329e-05	1.628e-03
chr11	20101667	20101917	33.9	1.3	1.495e-05	1.628e-03
chr2	169868774	169869024	66.8	1.9	5.456e-06	1.634e-03
chr17	43354824	43355074	43.2	1.3	1.402e-05	1.634e-03
chrX	108869958	108870208	16.2	2.5	7.471e-06	1.634e-03
chr1	226941210	226941460	22.2	1.5	1.586e-05	1.639e-03
chr17	35989300	35989550	29.9	-2.4	1.597e-05	1.643e-03
chr6	4177145	4177395	53.8	1.2	1.412e-05	1.649e-03
chr18	2980427	2980677	32.1	-1.9	1.573e-05	1.685e-03
chr1	204071438	204071688	29.8	1.7	1.627e-05	1.706e-03
chr10	76349139	76349389	29	2.7	1.558e-05	1.722e-03
chr2	24684630	24684880	23.1	1.9	1.612e-05	1.763e-03
chr8	93107553	93107803	36.2	1.7	1.540e-05	1.789e-03
chr4	103605522	103605772	26.8	1.5	1.720e-05	1.800e-03
chr1	207020929	207021179	29.3	2.1	1.876e-05	1.859e-03
chr3	142648778	142649028	26.3	1.8	1.784e-05	1.901e-03
chr17	16282001	16282251	51.2	-1.2	1.749e-05	1.901e-03
chr17	74351005	74351255	72.4	1.1	1.018e-05	1.901e-03
chrX	109085557	109085807	17.4	1.8	1.641e-05	1.901e-03
chr4	56915996	56916246	35.3	1.5	1.713e-05	1.927e-03
chr6	86193640	86193890	50.3	1.6	1.798e-05	1.932e-03
chr14	93016269	93016519	39.2	1.5	1.948e-05	1.934e-03
chr1	168467687	168467937	16.9	2	1.335e-05	1.940e-03
chr1	166554330	166554580	28.2	1.7	1.950e-05	1.951e-03
chr10	116685696	116685946	39.6	1.7	1.819e-05	1.966e-03
chr2	201733417	201733667	30.8	1.7	1.959e-05	1.999e-03
chr4	47738654	47738904	30.6	1.5	2.147e-05	1.999e-03
chr9	135869952	135870202	50.7	1.2	1.843e-05	1.999e-03
chr15	55807806	55808056	19.1	2.3	1.963e-05	1.999e-03
chr2	29353220	29353470	17.7	-1.8	1.821e-05	2.007e-03
chr1	94130113	94130363	48.2	1.7	2.020e-05	2.025e-03
chr3	184545407	184545657	20.4	2.3	1.885e-05	2.025e-03
chr17	34838436	34838686	39.1	1.2	2.012e-05	2.025e-03
chr18	13310298	13310548	47.4	2	1.969e-05	2.085e-03
chr11	113425914	113426164	17.6	1.6	1.968e-05	2.116e-03
chrX	45626735	45626985	13.8	2.4	4.501e-06	2.121e-03
chr17	15862255	15862505	28.1	1.8	2.244e-05	2.125e-03
chr1	159236716	159236966	28.5	1.9	2.378e-05	2.180e-03
chr2	121049491	121049741	37.3	2.8	2.141e-05	2.180e-03
chr4	2924408	2924658	20.7	1.4	2.257e-05	2.180e-03
chr9	100721245	100721495	47.1	-1.7	2.160e-05	2.180e-03
chr9	113194663	113194913	26.3	2.1	2.239e-05	2.180e-03
chrX	53068492	53068742	24.6	1.4	2.363e-05	2.184e-03
chr9	135674575	135674825	70	1.5	8.703e-06	2.197e-03
chr4	153530680	153530930	40.1	1.6	2.238e-05	2.224e-03
chr19	49269077	49269327	19.5	1.6	2.362e-05	2.245e-03
chr20	9129785	9130035	26.9	1.6	2.514e-05	2.286e-03
chr1	165786389	165786639	21.5	1.6	2.476e-05	2.320e-03
chr1	181121097	181121347	35.6	-1.8	2.709e-05	2.324e-03
chr8	99466503	99466753	37.5	1.4	2.665e-05	2.355e-03
chr8	91007408	91007658	24.9	2	2.531e-05	2.358e-03
chr5	134528221	134528471	32.2	1.2	2.800e-05	2.373e-03
chr12	120666258	120666508	33.9	1.2	2.727e-05	2.421e-03
chr1	31971675	31971925	32.8	3.1	2.661e-05	2.423e-03
chr4	46876926	46877176	19	2.6	2.483e-05	2.423e-03
chr4	56984258	56984508	25.4	1.8	2.765e-05	2.423e-03
chrX	102356587	102356837	39.5	1.6	2.550e-05	2.423e-03
chr5	100420100	100420350	17.6	1.9	2.054e-05	2.432e-03
chr6	168653976	168654226	17.3	1.8	2.488e-05	2.432e-03
chr20	641172	641422	49.7	-2	2.604e-05	2.432e-03
chr21	16126172	16126422	27.6	1.7	2.806e-05	2.432e-03
chr16	3414941	3415191	18	1.9	2.599e-05	2.510e-03
chr1	234679949	234680199	34.2	-1.9	2.998e-05	2.515e-03
chr3	40543564	40543814	73.4	1.5	1.162e-05	2.515e-03
chr4	140762713	140762963	35.9	2	2.738e-05	2.515e-03
chr8	108764002	108764252	30.5	2	3.124e-05	2.515e-03
chr12	101006558	101006808	51.7	1.3	2.152e-05	2.515e-03
chr15	89769946	89770196	31	1.6	2.863e-05	2.515e-03
chr1	231295913	231296163	26.3	1.7	3.029e-05	2.532e-03
chr11	132997700	132997950	51.7	1.5	2.800e-05	2.575e-03
chr1	160016369	160016619	74	1.5	1.030e-05	2.576e-03
chr15	43386888	43387138	21.9	1.5	3.225e-05	2.576e-03
chr2	98584471	98584721	22.3	1.8	3.290e-05	2.577e-03
chr3	167834108	167834358	44.1	1.5	2.980e-05	2.582e-03
chr4	147328854	147329104	15.2	2.3	1.574e-05	2.582e-03
chr11	5173025	5173275	30.7	1.9	2.877e-05	2.590e-03
chr5	177962257	177962507	63.1	1.2	1.061e-05	2.608e-03
chr3	167875122	167875372	18.6	1.6	2.856e-05	2.612e-03
chr15	43670888	43671138	18.7	1.8	2.926e-05	2.623e-03
chr14	77647195	77647445	39.9	2.6	3.150e-05	2.635e-03
chr16	566379	566629	17	1.9	2.285e-05	2.645e-03
chr4	153890038	153890288	21.3	-2.3	2.962e-05	2.648e-03
chr2	12171995	12172245	17.4	2.5	2.451e-05	2.664e-03
chrX	18191720	18191970	20.3	1.7	3.221e-05	2.664e-03
chr16	23145642	23145892	18.9	1.6	3.114e-05	2.733e-03
chr1	12227911	12228161	17.3	1.9	2.460e-05	2.798e-03
chr14	64645591	64645841	23.3	-1.8	3.195e-05	2.803e-03
chr19	2739083	2739333	46.4	1.3	3.445e-05	2.803e-03
chr19	12442489	12442739	27.4	1.4	3.783e-05	2.845e-03
chr20	5761572	5761822	23.4	-1.5	3.821e-05	2.864e-03
chr9	80524292	80524542	36.3	2	3.361e-05	2.872e-03
chr6	167656004	167656254	18.4	1.6	3.329e-05	2.874e-03
chr10	82170467	82170717	16.9	2.6	2.587e-05	2.874e-03
chr10	116247248	116247498	12.6	-3.4	7.586e-06	2.874e-03
chr22	27710381	27710631	38.5	2.2	3.409e-05	2.874e-03
chr2	36765569	36765819	19.2	1.9	3.411e-05	2.884e-03
chr11	119575660	119575910	34.5	1.7	3.841e-05	2.898e-03
chr15	39809330	39809580	15.2	3.4	1.905e-05	2.898e-03
chr17	17939078	17939328	41.8	1.5	3.913e-05	2.898e-03
chr2	217801701	217801951	50.1	1.4	3.592e-05	2.924e-03
chr12	118802557	118802807	22	-2	4.117e-05	2.928e-03
chr5	16483101	16483351	14.1	2.6	8.022e-06	2.964e-03
chr11	105862658	105862908	36.3	1.4	3.703e-05	2.981e-03
chr20	20927037	20927287	26.7	2.5	4.232e-05	2.981e-03
chr20	30505823	30506073	24.5	3.3	3.927e-05	3.020e-03
chr19	39373471	39373721	62.9	1.4	1.326e-05	3.033e-03
chrX	79767938	79768188	21.2	2.2	3.994e-05	3.033e-03
chr2	83103083	83103333	26.6	1.8	4.247e-05	3.054e-03
chr13	51485232	51485482	21.3	1.4	4.112e-05	3.121e-03
chr6	100137880	100138130	29.4	1.8	4.331e-05	3.147e-03
chr17	15135880	15136130	38.2	1.5	4.277e-05	3.226e-03
chr11	33794506	33794756	19.2	1.6	3.953e-05	3.236e-03
chr6	16006106	16006356	23.7	1.4	4.386e-05	3.268e-03
chr10	1655166	1655416	16.4	2.9	1.611e-05	3.270e-03
chr19	6829092	6829342	24.3	1.6	4.464e-05	3.325e-03
chr1	100234125	100234375	26.7	1.5	4.680e-05	3.337e-03
chr11	76737392	76737642	29.5	1.7	4.591e-05	3.398e-03
chr11	10941797	10942047	29.5	2.1	4.346e-05	3.402e-03
chr3	184786941	184787191	23.2	2.1	5.128e-05	3.499e-03
chr5	140058695	140058945	59.9	1.4	1.646e-05	3.508e-03
chr15	56612624	56612874	19.6	1.9	4.560e-05	3.552e-03
chr22	30326770	30327020	20.3	-2	4.904e-05	3.552e-03
chr10	104359525	104359775	41.1	1.2	5.179e-05	3.554e-03
chr6	149531029	149531279	40.6	1.5	4.640e-05	3.566e-03
chr5	118764114	118764364	15.5	1.8	2.594e-05	3.597e-03
chr7	4589353	4589603	33.2	2.2	5.346e-05	3.635e-03
chr1	24156662	24156912	24.6	1.7	5.107e-05	3.644e-03
chr14	56266332	56266582	28	3	5.137e-05	3.676e-03
chrX	52089974	52090224	21.1	-1.9	5.178e-05	3.695e-03
chr18	77735074	77735324	33	1.7	5.215e-05	3.710e-03
chr3	128821346	128821596	10.7	-2	8.460e-06	3.717e-03
chr3	73193490	73193740	18.5	2	5.005e-05	3.842e-03
chr20	35252811	35253061	24.3	2.3	5.967e-05	3.842e-03
chr10	127505166	127505416	35.9	1.5	5.482e-05	3.854e-03
chr1	202974838	202975088	27.6	1.3	5.765e-05	3.881e-03
chr6	167131617	167131867	24.6	1.5	6.101e-05	3.893e-03
chr7	5771011	5771261	21.2	2	5.244e-05	3.902e-03
chr17	26854405	26854655	68.1	1.5	2.132e-05	3.902e-03
chr1	19412870	19413120	23.8	-1.3	6.156e-05	3.949e-03
chr5	111971789	111972039	24.6	2.1	6.165e-05	3.949e-03
chr6	33928744	33928994	45.4	1.3	5.413e-05	3.955e-03
chr3	139394294	139394544	24	1.4	6.334e-05	4.011e-03
chr5	68596421	68596671	34.8	1.1	5.624e-05	4.011e-03
chr9	99930511	99930761	32.9	1.2	6.093e-05	4.011e-03
chr1	50728194	50728444	47	1.7	5.848e-05	4.032e-03
chr10	105398745	105398995	45.5	1.4	5.603e-05	4.032e-03
chr18	13309778	13310028	29.7	2.6	6.522e-05	4.032e-03
chr2	43232696	43232946	49.5	1.4	6.017e-05	4.059e-03
chr2	169832688	169832938	31	1.5	6.296e-05	4.059e-03
chr2	196431100	196431350	31.8	1.6	6.680e-05	4.059e-03
chr10	48432677	48432927	24	1.6	6.564e-05	4.059e-03
chr12	89787505	89787755	70.8	1.6	3.488e-05	4.059e-03
chr13	49313803	49314053	21	1.7	5.587e-05	4.059e-03
chr2	128786308	128786558	28.8	1.2	6.477e-05	4.060e-03
chr2	174088671	174088921	17.5	1.6	5.804e-05	4.073e-03
chr3	40355591	40355841	20.3	1.6	5.728e-05	4.073e-03
chr5	176075636	176075886	60.1	1.1	3.557e-05	4.073e-03
chr19	53030451	53030701	34.3	1.3	6.570e-05	4.073e-03
chr1	227584295	227584545	44.7	1.5	4.759e-05	4.143e-03
chr9	119227454	119227704	44.8	1.7	6.364e-05	4.143e-03
chr18	9191665	9191915	42.8	1.3	6.725e-05	4.143e-03
chr8	40576164	40576414	18.7	1.4	6.166e-05	4.262e-03
chr16	58893944	58894194	23.1	1.9	7.098e-05	4.262e-03
chr5	171435900	171436150	46.6	1.6	6.491e-05	4.265e-03
chr6	37369493	37369743	32.2	1.4	6.339e-05	4.319e-03
chr14	97383754	97384004	37.9	1.5	6.710e-05	4.319e-03
chr3	192548231	192548481	20.4	2.6	6.245e-05	4.354e-03
chr3	197171189	197171439	21.4	1.6	7.033e-05	4.492e-03
chr11	20124032	20124282	29.9	1.9	7.783e-05	4.527e-03
chr2	32993487	32993737	28.4	1.9	7.613e-05	4.535e-03
chr4	7908006	7908256	17.9	2.6	6.605e-05	4.535e-03
chr11	12237529	12237779	23.2	1.5	6.688e-05	4.535e-03
chr12	92797561	92797811	24.4	1.5	7.227e-05	4.535e-03
chr5	170915938	170916188	16.7	-1.6	6.813e-05	4.568e-03
chr15	78311254	78311504	19.9	1.5	6.771e-05	4.568e-03
chr17	26313913	26314163	37.9	1.4	7.021e-05	4.573e-03
chr1	178506141	178506391	42.7	-1.3	7.833e-05	4.587e-03
chr10	45671313	45671563	33.9	1.4	6.988e-05	4.587e-03
chr10	49701548	49701798	23.7	1.5	7.982e-05	4.587e-03
chr15	78029892	78030142	40.3	1.3	7.091e-05	4.587e-03
chr14	52329198	52329448	63.3	1.5	4.289e-05	4.594e-03
chr4	38095988	38096238	17.7	1.8	7.053e-05	4.703e-03
chr9	124409312	124409562	33.8	1.9	8.389e-05	4.703e-03
chr16	70787169	70787419	24.2	-1.4	7.168e-05	4.723e-03
chr4	152935402	152935652	16.7	2.1	7.349e-05	4.772e-03
chr4	153877840	153878090	25.9	-1.5	8.466e-05	4.772e-03
chr19	14253592	14253842	41.5	1.4	8.594e-05	4.772e-03
chr9	132532009	132532259	21.3	1.8	7.434e-05	4.849e-03
chr11	72853379	72853629	60.2	1	3.330e-05	4.900e-03
chr1	10106089	10106339	37.5	-1.3	8.966e-05	4.912e-03
chr7	90356028	90356278	18.7	1.9	5.897e-05	4.912e-03
chr10	11183635	11183885	23.2	2.7	8.199e-05	4.912e-03
chr5	142587215	142587465	25.2	2	8.832e-05	4.979e-03
chr16	70462092	70462342	130.9	1.4	7.830e-06	4.979e-03
chr5	179434682	179434932	26.6	2	9.228e-05	5.018e-03
chr7	6433008	6433258	113.7	1.1	8.513e-06	5.053e-03
chr7	138732785	138733035	18.3	-2.2	7.893e-05	5.053e-03
chr17	31187222	31187472	44.5	1.5	6.407e-05	5.053e-03
chr4	174968622	174968872	40.2	1.8	9.084e-05	5.058e-03
chr19	30301426	30301676	21.8	1.2	8.056e-05	5.098e-03
chr2	206645450	206645700	14.9	1.8	1.976e-05	5.150e-03
chr15	69802933	69803183	46.4	1.6	8.650e-05	5.151e-03
chr20	52523623	52523873	15.5	-1.7	3.250e-05	5.155e-03
chr15	64303048	64303298	56.2	1.9	3.638e-05	5.156e-03
chr2	10133732	10133982	17.3	1.6	8.270e-05	5.184e-03
chr2	38841024	38841274	25.1	2	9.644e-05	5.184e-03
chr1	236063839	236064089	41.4	1.8	9.687e-05	5.276e-03
chr14	78081742	78081992	24.3	1.4	9.841e-05	5.276e-03
chr13	91737452	91737702	20.3	1.8	9.257e-05	5.294e-03
chr7	12391585	12391835	16.7	2.6	3.439e-05	5.363e-03
chr20	32601484	32601734	28.1	1.4	9.793e-05	5.372e-03
chrX	109170073	109170323	16.4	1.9	3.456e-05	5.372e-03
chr8	67030879	67031129	18.9	1.5	8.796e-05	5.393e-03
chr1	28193792	28194042	28.4	1.4	9.943e-05	5.415e-03
chr4	37688872	37689122	50.9	1.3	9.535e-05	5.415e-03
chr6	10725376	10725626	25.1	1.5	1.047e-04	5.541e-03
chr6	164281836	164282086	20.7	1.6	9.866e-05	5.541e-03
chr12	7176232	7176482	34.3	1.4	1.082e-04	5.541e-03
chr17	56736277	56736527	23.8	2.1	1.083e-04	5.541e-03
chr19	11007853	11008103	22.9	-1.1	9.941e-05	5.541e-03
chr1	95581277	95581527	37.8	1.1	1.099e-04	5.609e-03
chr13	115085568	115085818	31.7	1.2	1.009e-04	5.626e-03
chr15	64509281	64509531	30.2	1.5	1.076e-04	5.652e-03
chr22	41353717	41353967	23.5	-1.6	9.462e-05	5.652e-03
chr1	47079602	47079852	33.5	-1.1	1.131e-04	5.667e-03
chr8	17466198	17466448	40.8	2.8	1.087e-04	5.667e-03
chr8	38023174	38023424	26.4	-1.2	1.075e-04	5.667e-03
chr8	120599997	120600247	21.8	1.4	1.130e-04	5.667e-03
chr17	74678385	74678635	26.3	1.4	1.090e-04	5.667e-03
chr1	40177163	40177413	35.4	1.3	1.101e-04	5.677e-03
chr7	101526232	101526482	19.4	-1.9	1.039e-04	5.677e-03
chr5	95178971	95179221	48	-1.5	1.005e-04	5.707e-03
chr1	145382800	145383050	37.3	1.4	1.010e-04	5.719e-03
chr19	33160928	33161178	37	-1.5	1.118e-04	5.725e-03
chr8	145538708	145538958	70	0.9	4.023e-05	5.737e-03
chr15	75459958	75460208	12.3	2.6	2.212e-05	5.744e-03
chrX	10127166	10127416	19.8	1.7	1.002e-04	5.761e-03
chr12	120977177	120977427	24.1	-1.6	1.003e-04	5.799e-03
chr2	58916039	58916289	24.7	1.3	1.171e-04	5.824e-03
chr14	69247647	69247897	27.9	1.5	1.188e-04	5.896e-03
chr7	80838372	80838622	34.7	1.6	1.210e-04	5.901e-03
chr1	117353071	117353321	26.6	3.3	1.226e-04	5.966e-03
chr1	208108513	208108763	28.3	2.1	1.216e-04	5.993e-03
chr2	30848682	30848932	30.7	1.7	1.088e-04	6.108e-03
chr15	70925962	70926212	21.7	2.6	1.160e-04	6.108e-03
chr3	138594686	138594936	27.3	1.6	1.161e-04	6.127e-03
chr7	65392651	65392901	71	1.5	4.414e-05	6.127e-03
chr6	111141143	111141393	33.6	1.4	1.228e-04	6.159e-03
chr6	167125842	167126092	51.4	1.6	1.129e-04	6.159e-03
chr17	41450800	41451050	27.2	1.3	1.179e-04	6.159e-03
chr18	77019282	77019532	17.9	1.7	1.098e-04	6.159e-03
chr9	34158425	34158675	36	-1.1	1.183e-04	6.162e-03
chr1	36766185	36766435	15.2	-1.9	6.254e-05	6.175e-03
chr4	1023333	1023583	38.5	1.1	1.304e-04	6.175e-03
chr4	70105465	70105715	18.5	1.8	8.629e-05	6.175e-03
chr4	145997255	145997505	39.3	1.5	1.145e-04	6.175e-03
chr19	39743162	39743412	12.9	2.6	2.496e-05	6.175e-03
chr22	24788576	24788826	9.6	2.4	2.921e-05	6.175e-03
chr19	58459061	58459311	26.9	1.3	1.257e-04	6.197e-03
chr1	236100499	236100749	27.8	1.9	1.271e-04	6.253e-03
chr6	43766608	43766858	54.2	-1.6	1.228e-04	6.274e-03
chr6	3433357	3433607	35.1	-1.1	1.181e-04	6.275e-03
chr6	41288327	41288577	30.5	-1.2	1.233e-04	6.275e-03
chr8	56760488	56760738	50.2	1.3	9.410e-05	6.356e-03
chr13	96013986	96014236	24.7	1.6	1.257e-04	6.356e-03
chr16	4397907	4398157	24.7	1.4	1.376e-04	6.356e-03
chr11	118899703	118899953	31.4	1	1.194e-04	6.390e-03
chr11	48027356	48027606	34.7	1.3	1.352e-04	6.429e-03
chr10	64578968	64579218	25.1	1.3	1.411e-04	6.458e-03
chr18	9117362	9117612	28.9	-1.7	1.212e-04	6.458e-03
chr9	132891469	132891719	35.4	1.4	1.294e-04	6.475e-03
chr13	98758269	98758519	16.5	2.2	4.831e-05	6.552e-03
chr3	53491187	53491437	30.2	1.5	1.451e-04	6.601e-03
chr1	51986086	51986336	78.7	1.4	1.347e-05	6.603e-03
chr1	227751148	227751398	26	1.3	1.441e-04	6.603e-03
chr4	184162477	184162727	22.5	1.7	1.463e-04	6.603e-03
chr18	47951569	47951819	25.8	1.4	1.384e-04	6.603e-03
chr13	37692274	37692524	25.4	1.4	1.397e-04	6.616e-03
chr2	138722175	138722425	25.1	1.3	1.351e-04	6.644e-03
chrX	109606548	109606798	21.6	1.7	1.362e-04	6.644e-03
chr8	108763568	108763818	18.6	2.4	1.265e-04	6.704e-03
chr6	154807078	154807328	25.9	1.6	1.488e-04	6.731e-03
chr14	67880957	67881207	19.5	-1.7	1.378e-04	6.731e-03
chr2	177145680	177145930	19.6	1.7	1.302e-04	6.771e-03
chr1	90289208	90289458	33.9	1.4	1.343e-04	6.923e-03
chr11	71454577	71454827	34.6	1.2	1.565e-04	6.931e-03
chr2	149270152	149270402	17.6	1.6	1.360e-04	7.014e-03
chr13	52548582	52548832	21.8	1.3	1.452e-04	7.014e-03
chr21	42485308	42485558	28.7	2.3	1.602e-04	7.049e-03
chr9	127800480	127800730	16.4	2.7	5.411e-05	7.072e-03
chr3	88078097	88078347	19.5	1.6	1.354e-04	7.076e-03
chr1	6403608	6403858	30.8	1.2	1.405e-04	7.138e-03
chr3	174158636	174158886	21.3	1.4	1.502e-04	7.138e-03
chr3	71377137	71377387	16.6	-2.9	7.830e-05	7.158e-03
chr16	70790020	70790270	20.6	-1.3	1.408e-04	7.158e-03
chr1	54874012	54874262	21.9	-1.6	1.655e-04	7.169e-03
chr10	126277744	126277994	26.9	1.6	1.656e-04	7.169e-03
chr4	175078475	175078725	22.3	1.4	1.415e-04	7.208e-03
chr12	50067422	50067672	29.7	1.3	1.622e-04	7.235e-03
chr2	16931954	16932204	29	1.5	1.638e-04	7.292e-03
chr13	96137391	96137641	42.4	1.3	1.491e-04	7.308e-03
chr3	11645963	11646213	24.6	1.8	1.569e-04	7.319e-03
chr7	68884394	68884644	38.9	1.6	1.710e-04	7.319e-03
chr3	67081361	67081611	27.2	1.3	1.608e-04	7.519e-03
chr6	108863569	108863819	21.7	1.3	1.748e-04	7.567e-03
chr16	78776965	78777215	13.3	1.9	3.415e-05	7.591e-03
chr8	56765833	56766083	25.6	1.5	1.793e-04	7.603e-03
chr18	13223645	13223895	28.1	1.6	1.706e-04	7.603e-03
chr6	37102398	37102648	32.7	-1.8	1.649e-04	7.608e-03
chr16	87343830	87344080	22.4	1.4	1.530e-04	7.608e-03
chr19	39166918	39167168	46.3	1.6	1.617e-04	7.608e-03
chr6	142721725	142721975	37.3	1.4	1.766e-04	7.678e-03
chr1	30664061	30664311	33.4	1.4	1.748e-04	7.685e-03
chr17	75117970	75118220	20.8	-1.7	1.678e-04	7.685e-03
chrX	53615063	53615313	14.6	1.7	3.776e-05	7.685e-03
chr1	225632669	225632919	48.8	1.5	1.596e-04	7.710e-03
chr4	10242022	10242272	17.5	1.5	1.563e-04	7.710e-03
chr8	8611904	8612154	36.3	-1.2	1.797e-04	7.710e-03
chr17	76078559	76078809	18.3	1.6	1.288e-04	7.710e-03
chr1	12508941	12509191	39.2	1.3	1.608e-04	7.718e-03
chr17	76125110	76125360	44.3	1.1	1.674e-04	7.718e-03
chr3	185015666	185015916	27.1	1.5	1.845e-04	7.728e-03
chr1	120279907	120280157	45.7	1	1.634e-04	7.797e-03
chr6	149685620	149685870	14	1.8	3.540e-05	7.797e-03
chr7	72176043	72176293	27.4	1.8	1.736e-04	7.797e-03
chr9	111774649	111774899	19.8	-1.4	1.739e-04	7.797e-03
chr1	12678234	12678484	25.2	1.3	1.847e-04	7.807e-03
chr16	71524320	71524570	17.9	-1.9	1.611e-04	7.812e-03
chr10	82263844	82264094	52.8	1	1.655e-04	7.813e-03
chr17	16302050	16302300	60.7	-1.3	6.042e-05	7.813e-03
chr18	74208145	74208395	29.9	1.5	1.763e-04	7.829e-03
chr11	128672949	128673199	14	2.1	3.600e-05	7.837e-03
chr4	48245543	48245793	27	2	1.855e-04	7.883e-03
chr17	45296511	45296761	38.9	1.1	1.685e-04	7.894e-03
chr17	31121557	31121807	35.5	1.2	1.903e-04	7.922e-03
chr1	29483484	29483734	45.1	1.3	1.769e-04	7.923e-03
chr15	67662604	67662854	17.5	1.5	1.691e-04	7.931e-03
chr5	40052980	40053230	24.6	2.1	2.012e-04	8.055e-03
chr2	59395961	59396211	19.2	1.7	1.847e-04	8.066e-03
chr12	106715292	106715542	13.9	-1.6	4.152e-05	8.066e-03
chr6	53174335	53174585	41.1	1.1	2.035e-04	8.088e-03
chr7	149193314	149193564	20.2	-1.5	1.856e-04	8.088e-03
chr9	100948304	100948554	15.3	1.7	8.168e-05	8.113e-03
chr17	40792275	40792525	59.4	1.3	6.260e-05	8.113e-03
chr2	15394166	15394416	68.9	2.1	6.430e-05	8.303e-03
chr2	191136534	191136784	27.6	1.3	2.104e-04	8.303e-03
chr14	93195111	93195361	25.7	1.6	2.057e-04	8.376e-03
chr17	37176361	37176611	10.3	2.2	1.679e-05	8.376e-03
chr3	29816990	29817240	14.5	3.2	3.989e-05	8.402e-03
chr12	121359554	121359804	18	2.4	1.809e-04	8.402e-03
chr18	54718830	54719080	34.6	1.3	2.160e-04	8.443e-03
chr17	64459151	64459401	24	-1.2	2.143e-04	8.495e-03
chr7	140015964	140016214	15.2	-1.5	1.040e-04	8.547e-03
chr11	77136525	77136775	24.9	1.3	2.012e-04	8.557e-03
chrX	102379339	102379589	12.6	1.8	4.186e-05	8.557e-03
chr1	148241487	148241737	30.6	1.4	2.102e-04	8.557e-03
chr9	66494244	66494494	54.5	1.1	1.908e-04	8.557e-03
chr11	3190535	3190785	31.4	1.3	1.907e-04	8.557e-03
chr10	100669863	100670113	114.1	1.3	1.911e-05	8.570e-03
chr22	29590153	29590403	44.8	1.2	1.953e-04	8.570e-03
chr13	33788480	33788730	18	1.7	1.888e-04	8.589e-03
chr1	50724006	50724256	67.1	1.5	8.420e-05	8.604e-03
chr1	29298950	29299200	33	-2	2.193e-04	8.681e-03
chr11	16878814	16879064	42.3	1.1	2.278e-04	8.700e-03
chr3	127195224	127195474	12.2	2.4	7.469e-06	8.764e-03
chr12	30910326	30910576	17.4	1.4	1.945e-04	8.769e-03
chr2	149300694	149300944	19	1.8	1.988e-04	8.787e-03
chr5	31898231	31898481	18.4	2.2	1.611e-04	8.787e-03
chr14	23615728	23615978	25.2	2.2	2.246e-04	8.787e-03
chr20	61062572	61062822	43.9	1.1	2.117e-04	8.787e-03
chr6	113747630	113747880	24.3	1.5	2.141e-04	8.791e-03
chr7	5497579	5497829	32.4	1.8	2.009e-04	8.791e-03
chr22	22108975	22109225	70.7	1.1	7.142e-05	8.791e-03
chr14	56273805	56274055	36.3	1.6	2.061e-04	8.824e-03
chr3	195578715	195578965	52.6	1	2.028e-04	8.824e-03
chr14	75177274	75177524	42.1	1.2	2.068e-04	8.824e-03
chr10	96059294	96059544	31.7	2.9	2.255e-04	8.856e-03
chr11	43769046	43769296	18.6	1.5	2.034e-04	8.867e-03
chr1	205126352	205126602	55.9	1.5	8.297e-05	8.879e-03
chr12	1771112	1771362	61.1	1.1	8.296e-05	8.879e-03
chr22	27812811	27813061	16.7	1.9	2.015e-04	8.879e-03
chr12	97382759	97383009	38.7	1.1	2.089e-04	8.985e-03
chrX	40125816	40126066	17.1	1.8	2.057e-04	9.003e-03
chr17	27181924	27182174	38.6	0.9	2.252e-04	9.102e-03
chr17	20770822	20771072	24.5	1.4	2.263e-04	9.131e-03
chr3	190062853	190063103	20.3	1.7	2.101e-04	9.186e-03
chr5	159660286	159660536	29.7	1.6	2.422e-04	9.186e-03
chr9	33560304	33560554	27	1.1	2.423e-04	9.186e-03
chr3	43728410	43728660	26.7	1.3	2.390e-04	9.198e-03
chr7	36968045	36968295	15.1	2.4	1.008e-04	9.230e-03
chr1	155879786	155880036	21.2	-1.4	2.193e-04	9.333e-03
chr3	127130188	127130438	18.9	1.7	2.355e-04	9.333e-03
chr5	134607563	134607813	22	1.8	2.382e-04	9.408e-03
chr17	18966997	18967247	24.4	1.4	2.551e-04	9.408e-03
chr3	17820579	17820829	13.2	1.9	5.351e-05	9.413e-03
chr8	21721081	21721331	42.4	1.3	2.376e-04	9.413e-03
chr3	130568974	130569224	68.2	1.3	9.041e-05	9.418e-03
chr9	124813707	124813957	25	1.5	2.573e-04	9.589e-03
chr2	228316084	228316334	42.7	1.6	2.671e-04	9.609e-03
chrX	44702639	44702889	24.2	1.6	2.306e-04	9.762e-03
chr1	228368363	228368613	31	-1.3	2.385e-04	9.903e-03
chr4	166223156	166223406	21.1	-1.5	2.549e-04	9.903e-03
chr7	68887759	68888009	18.1	1.9	1.823e-04	9.903e-03
chr16	70568948	70569198	20.2	-1.3	2.544e-04	9.903e-03
chr13	27758409	27758659	13.4	-2.4	5.312e-05	9.967e-03
