P1	P2	P3	P4	P5	P6	P7	P8	TF
0.11	1.99	3.15	3.12	-1.44	-0.46	-1.99	-1.97	ENSG00000008196_LINE2_TFAP2B_D_N1
1.51	-0.96	-2.33	-1.9	0.11	0.98	0.63	1.63	ENSG00000008197_LINE6_TFAP2D_D
-2.32	4.26	6.71	6.72	-0.1	0.3	-5.15	-6.09	ENSG00000087510_LINE7_TFAP2C_D_N3
-0.36	0.29	0.64	0.17	-0.77	0.36	0.29	-0.25	ENSG00000116819_LINE19_TFAP2E_I
0.3	1.08	1.72	1.74	1.15	0.27	-2.02	-2.16	ENSG00000137203_LINE29_TFAP2A_D_N3
-6.13	-4	-3.24	-3.94	-0.44	3.96	5.65	5.77	ENSG00000116017_LINE44_ARID3A_D_N1
4.52	6.42	4.44	1.62	-2.7	-3.59	-4.39	-1.77	ENSG00000150347_LINE49_ARID5B_D_N1
-3.97	-1.87	-0.84	0.69	2.3	1.82	0.55	0.01	ENSG00000179361_LINE51_ARID3B_I
0.76	-1.32	-0.94	-0.57	1.48	0.41	-0.41	0.29	ENSG00000196843_LINE52_ARID5A_I
-1.31	-2.14	-3.07	-2.94	-0.12	1.7	2.76	3.77	ENSG00000205143_LINE53_ARID3C_I
5.01	2.23	1.31	0.11	-2.22	-3.17	-0.63	-0.53	ENSG00000189079_LINE54_ARID2_I
-5.55	-2.88	-2.82	-2.83	0.77	3	4.34	3.24	ENSG00000137309_LINE57_HMGA1_D
1	-0.38	-1.19	-1.39	0.18	-0.24	0.53	1.13	ENSG00000149948_LINE59_HMGA2_D
1	-0.67	-1.23	-1.62	-6.43	-3.96	4.38	6.23	ENSG00000125952_LINE73_MAX_D_N10
-0.55	-5.98	-7.42	-6.27	-4.9	-0.85	7.84	10.76	ENSG00000009950_LINE78_MLXIPL_D_N1
-0.06	-3.78	-5.62	-5.28	-5.25	-2.52	7.14	9.39	ENSG00000029153_LINE80_ARNTL2_I
0.76	-1.13	-1.99	-2.98	-2.58	0.39	2.69	2.58	ENSG00000063438_LINE82_AHRR_I
0.17	-5.65	-7.81	-6.13	-5.06	-2.55	8.67	10.38	ENSG00000068323_LINE84_TFE3_D_N1
-0.94	0.17	0.02	-0.1	-3.76	-1.97	2.11	3.08	ENSG00000069812_LINE86_HES2_I
-1.17	-0.48	0.21	-0.11	-5.04	-2.3	2.66	3.19	ENSG00000070444_LINE87_MNT_D
-7.27	-5.04	-1.84	0.14	5.65	7.25	1.86	-0.48	ENSG00000071564_LINE91_TCF3_D_N2
-4.64	-1.24	1.11	-0.18	-1.41	3.69	2.8	-1.02	ENSG00000072310_LINE94_SREBF1_D_N3
-0.78	-1.02	1.65	3.38	4	1.75	-1.78	-5.7	ENSG00000090447_LINE107_TFAP4_D_N2
1.55	-1.18	-1.09	-1.9	-1.79	-0.92	2.18	1.98	ENSG00000100644_LINE115_HIF1A_D
4.71	0.08	-1.31	-0.35	2.66	-0.31	-0.88	-1.26	ENSG00000101190_LINE116_TCFL5_I
0.44	-4.66	-6.14	-4.99	-5.97	-2.59	7.51	10.03	ENSG00000105698_LINE126_USF2_D_N7
0.82	-4.81	-6.36	-5.78	-6.05	-2.66	8.26	10.33	ENSG00000105967_LINE129_TFEC_D
0.76	-1.13	-1.99	-2.98	-2.58	0.39	2.69	2.58	ENSG00000106546_LINE130_AHR_D_N1
-0.18	-4.95	-6.4	-5.64	-4.69	-1.26	7.33	9.66	ENSG00000108788_LINE134_MLX_D
-0.45	1.12	3.17	4.87	0.65	-2.17	-3.06	-3.31	ENSG00000111046_LINE136_MYF6_D_N1
1.03	-0.41	-1.32	-1.78	-1.3	-0.99	1.4	2.33	ENSG00000112246_LINE139_SIM1_I
0.91	-5.29	-6.82	-7.19	-6.59	-1.98	11.05	12.03	ENSG00000112561_LINE140_TFEB_D_N2
-3.84	0.03	2.77	5.48	2.52	-0.39	-3.02	-3.33	ENSG00000113196_LINE142_HAND1_D
-2.42	-0.38	-0.48	-1.38	-1.57	-0.12	2.37	1.82	ENSG00000114315_LINE146_HES1_D
-1.13	-0.21	0.03	-0.18	-5.15	-3.22	2.73	3.4	ENSG00000115738_LINE147_ID2_I
-2.9	0.14	0.44	0.33	1.89	1.05	-0.39	-1.31	ENSG00000116016_LINE149_EPAS1_D
0.75	-0.84	-0.26	-0.93	-5.37	-2.75	3.05	3.84	ENSG00000116990_LINE150_MYCL1_I
-16.39	-7.44	-2.35	0.05	3.26	9.07	4.71	1.14	ENSG00000117318_LINE151_ID3_I
-4.32	-2.9	0.25	4.77	4.96	2.21	-2.02	-4.69	ENSG00000118526_LINE152_TCF21_I
0.98	0.43	0.9	0.13	-7.47	-3.9	2.56	3.61	ENSG00000119950_LINE154_MXI1_D_N1
-2.94	-3.33	-0.2	2.67	5.17	3.55	-0.95	-4.66	ENSG00000122180_LINE160_MYOG_D
-9.08	-5.56	-1.96	-0.85	1.68	6.22	3.33	2.37	ENSG00000122691_LINE162_TWIST1_D
-2.17	-0.53	0.56	2.26	2.32	-0.06	-1.11	-2.11	ENSG00000122859_LINE163_NEUROG3_I
-2.31	-3.57	-4.58	-3.91	-3.6	-1.46	5.01	7.22	ENSG00000123095_LINE165_BHLHE41_D_N2
-3.15	-1.75	-0.92	1.98	2.26	1.06	-0.06	-1.71	ENSG00000125533_LINE171_BHLHE23_D
-1.35	-0.95	0.28	2.15	3.69	2.06	-1.12	-3.81	ENSG00000125878_LINE172_TCF15_I
-1.13	-0.21	0.03	-0.18	-5.15	-3.22	2.73	3.4	ENSG00000125968_LINE173_ID1_I
-9.91	-5.27	-1.18	1.43	3.37	5.87	2.48	-1.35	ENSG00000129152_LINE176_MYOD1_D_N3
1.03	-0.41	-1.32	-1.78	-1.3	-0.99	1.4	2.33	ENSG00000130751_LINE178_NPAS1_I
-0.78	-5.32	-8.16	-7.03	-4.22	-0.88	7.56	9.87	ENSG00000133794_LINE179_ARNTL_D_N1
-1.99	-3.42	-4.88	-5.28	-4.55	-1.68	6.02	8.52	ENSG00000134107_LINE183_BHLHE40_D_N3
0.47	1.98	3.04	1.59	-6.29	-4.05	1.08	1.89	ENSG00000134323_LINE186_MYCN_D_N2
-0.02	-1.15	-0.67	-0.03	-3.04	-0.75	2.23	1.92	ENSG00000134852_LINE191_CLOCK_D
-2.09	-0.3	-0.01	-0.6	-6	-3.48	3.09	4.84	ENSG00000135547_LINE193_HEY2_D_N2
1.36	1.67	2.8	1.08	-5.27	-4.27	0.58	1.28	ENSG00000136997_LINE202_MYC_D_N7
-5.86	-1.96	2	5.47	5.21	3.33	-2.16	-7.06	ENSG00000140262_LINE216_TCF12_D_N3
-1.12	-3.96	-5.98	-5.31	-4.38	-1.74	6.43	9.28	ENSG00000143437_LINE220_ARNT_D_N2
-3.74	-2.58	0.15	1.72	3.85	2.74	-0.75	-2.44	ENSG00000146618_LINE224_FERD3L_I
1.03	-0.41	-1.32	-1.78	-1.3	-0.99	1.4	2.33	ENSG00000151322_LINE225_NPAS3_I
0.74	-4.49	-5.34	-4.61	-6.27	-2.13	7.6	9.3	ENSG00000158773_LINE237_USF1_D_N10
1.03	-0.41	-1.32	-1.78	-1.3	-0.99	1.4	2.33	ENSG00000159263_LINE238_SIM2_I
-3.09	-0.9	2.36	5.79	7.59	1.73	-5.44	-8.62	ENSG00000162367_LINE243_TAL1_D_N1
-8.04	-3.24	1.1	4	3.79	2.92	-0.62	-2.03	ENSG00000162992_LINE247_NEUROD1_D
-4.13	-3.87	-0.85	2.5	5.29	2.72	-0.55	-2.73	ENSG00000163792_LINE248_TCF23_I
-1.85	-0.68	-0.95	-0.98	-5.52	-2.67	3.71	4.98	ENSG00000163909_LINE249_HEYL_I
-3.84	0.03	2.77	5.48	2.52	-0.39	-3.02	-3.33	ENSG00000164107_LINE250_HAND2_I
-3.68	2.36	4	4.52	1.04	0.22	-3.45	-4.09	ENSG00000164330_LINE251_EBF1_D_N2
-1.77	-0.69	-0.79	-0.64	-5.38	-2.46	3.55	4.39	ENSG00000164683_LINE258_HEY1_D
-10.04	-9.27	-4.56	-2.3	6.38	10.92	5.16	1.21	ENSG00000166823_LINE260_MESP1_D
-0.81	0.93	2.42	2.92	1.62	0.38	-2.27	-3.81	ENSG00000168267_LINE261_PTF1A_D
-9.48	-6.44	-2.37	-1.51	2.99	6.48	4.47	2.33	ENSG00000168874_LINE262_ATOH8_I
-0.8	1.76	2.53	1.74	-6.84	-3.69	1.47	2.25	ENSG00000170485_LINE263_NPAS2_I
-3.58	-1.99	-0.61	2.11	2.43	0.63	-0.57	-1.3	ENSG00000171532_LINE264_NEUROD2_D
-0.23	-1.24	0.9	1.29	2.01	1.32	-0.31	-3	ENSG00000171786_LINE269_NHLH1_D_N3
-16.39	-7.44	-2.35	0.05	3.26	9.07	4.71	1.14	ENSG00000172201_LINE271_ID4_D
-2.24	-0.13	0.75	0.01	0.64	-0.42	0.54	-0.68	ENSG00000172379_LINE273_ARNT2_D
0.84	0.1	-0.07	-0.95	-1.89	-0.94	0.75	1.58	ENSG00000174576_LINE275_NPAS4_I
0.05	2.1	2.07	1.25	-5.23	-3.44	0.87	1.82	ENSG00000175727_LINE276_MLXIP_I
-2.59	-1.23	0.02	2.39	2	-0.09	-0.55	-1.53	ENSG00000177468_LINE279_OLIG3_D
1.24	1.32	3.21	4.19	2.69	-0.93	-4.22	-6.5	ENSG00000177551_LINE280_NHLH2_I
-3.89	-0.12	1.37	4.14	4.05	-0.33	-3.1	-4.27	ENSG00000178403_LINE282_NEUROG2_D_N2
-1.99	-3.05	-1.11	1.47	3.82	2.58	0.15	-2.6	ENSG00000178860_LINE283_MSC_D
-6.68	-3.27	-2.25	-2.26	-1.15	2.98	3.98	3.5	ENSG00000179111_LINE284_HES7_D
-3.37	-2.73	-1.41	1.48	3.78	1.99	-0.14	-1.77	ENSG00000179774_LINE285_ATOH7_I
-4.11	-3.11	-1.36	1.94	3.86	1.98	-0.27	-1.8	ENSG00000180535_LINE286_BHLHA15_D
-3.09	-1.79	-1.05	1.11	1.63	0.98	0.45	-0.48	ENSG00000180828_LINE287_BHLHE22_D
-2.81	-2.12	-0.52	2.12	4.13	0.86	-1.15	-1.64	ENSG00000181965_LINE288_NEUROG1_I
-10.09	-8.16	-5	-4.06	4.63	9.51	6.25	3.34	ENSG00000183733_LINE289_FIGLA_D
-1.67	-0.61	2.33	4.58	1.83	0.23	-1.86	-4.63	ENSG00000183734_LINE290_ASCL2_I
-3.45	-1.03	-0.41	1.79	1.7	0.14	-0.08	-1.02	ENSG00000184221_LINE291_OLIG1_D
-3.9	-2.38	0.93	2.07	-5.15	-1.78	3.13	2.62	ENSG00000187098_LINE295_MITF_D
-4.32	-2.9	0.25	4.77	4.96	2.21	-2.02	-4.69	ENSG00000187728_LINE296_ENSG00000187728_I
-1.35	-0.95	0.28	2.15	3.69	2.06	-1.12	-3.81	ENSG00000187786_LINE297_SCXB_I
-10.04	-9.27	-4.56	-2.3	6.38	10.92	5.16	1.21	ENSG00000188095_LINE300_MESP2_I
1.95	-1.67	-2.47	-2.6	-1.6	-1.43	2.52	2.55	ENSG00000188290_LINE301_HES4_I
-1.35	-0.95	0.28	2.15	3.69	2.06	-1.12	-3.81	ENSG00000188686_LINE302_SCXA_I
-13.59	-10.27	-5.4	-2.92	5.31	12.29	6.89	1.95	ENSG00000196628_LINE303_TCF4_D_N3
-6.57	-2.57	-1.58	-1.56	-0.94	2.4	3.27	3.12	ENSG00000197921_LINE306_HES5_D_N2
-5.4	-1.91	0	-0.23	-1.15	3.22	2.87	0.14	ENSG00000198911_LINE308_SREBF2_D_N1
-2.76	-1.02	0.26	2.87	2.04	-0.21	-0.94	-1.99	ENSG00000205927_LINE315_OLIG2_D_N2
-2.89	0.66	2.5	3.82	0.78	-1.39	-2.03	-2.65	ENSG00000233608_LINE317_TWIST2_I
1.03	-0.41	-1.32	-1.78	-1.3	-0.99	1.4	2.33	ENSG00000250811_LINE320_ENSG00000250811_I
-6.33	-5.76	-3.03	-2.18	3.58	7.35	3.63	-0.57	ENSG00000174197_LINE321_MGA_D_N1
2.65	-5.82	-8.26	-10.03	-3.2	0.43	8.25	9.12	ENSG00000060566_LINE327_CREB3L3_I
0.04	2.52	5.58	-11.28	-28.03	-6.34	14.14	22.92	ENSG00000075426_LINE328_FOSL2_D_N3
-1.7	-4.02	-4.03	-6.83	-3.13	2.91	8.49	6.11	ENSG00000082641_LINE332_NFE2L1_D_N2
37.67	-2.9	-9.31	-12	-1.98	-1.54	0.12	2.32	ENSG00000092067_LINE336_CEBPE_D_N1
2.69	-4.51	-6.05	-7.68	-2.13	1.46	6.1	5.91	ENSG00000095794_LINE339_CREM_D
2.24	-3.49	-4.27	-6.09	-1.81	1.86	5.29	3.41	ENSG00000100219_LINE344_XBP1_D_N4
21.51	-3.07	-7.13	-7.43	-2.1	-0.78	1.63	4.08	ENSG00000105516_LINE349_DBP_D_N2
2.65	-5.82	-8.26	-10.03	-3.2	0.43	8.25	9.12	ENSG00000107175_LINE352_CREB3_D_N1
24.78	-2.72	-7.22	-7.08	0.18	-2.18	0.18	2.77	ENSG00000108924_LINE356_HLF_D_N4
-3.07	0.85	3.89	-10.25	-23.17	-3.87	12.47	17.58	ENSG00000112182_LINE360_BACH2_D
14.79	-2.1	-5.1	-5.93	-2.68	-1.2	1.87	4.61	ENSG00000115966_LINE362_ATF2_D_N1
-11.53	-14.02	-12.31	-19.41	-10.67	10.04	25.52	18.77	ENSG00000116044_LINE367_NFE2L2_D
1.14	-3.53	-3.93	-4.61	-2.09	0.85	4.83	4.97	ENSG00000118217_LINE369_ATF6_D_N2
5.16	-6.4	-9.38	-10.18	-4.35	-0.27	8.32	10.19	ENSG00000118260_LINE378_CREB1_D_N5
4.65	-4.91	-7.52	-7.75	-3.52	0.17	6.31	7.06	ENSG00000123268_LINE383_ATF1_D
-5.48	-12.19	-12.27	-21.51	-12.21	7.33	25.02	20.32	ENSG00000123405_LINE390_NFE2_D_N3
2.84	-6.09	-7.63	-9.1	-3.2	-0.45	7.99	8.13	ENSG00000123685_LINE392_BATF3_D
-1.6	0.82	3.65	-7.83	-18.95	-2.86	10.05	15.4	ENSG00000125740_LINE393_FOSB_D
21.07	-8.2	-12.29	-10.04	7.3	0.97	-0.18	3.13	ENSG00000128272_LINE397_ATF4_D
-1.74	-4.86	-4.5	-5.93	-1.05	3.7	6.85	4.4	ENSG00000129535_LINE398_NRL_D
-1.82	1.03	4.4	-11.74	-27.91	-4.66	15.03	23.3	ENSG00000130522_LINE411_JUND_D_N6
1.09	5.44	7.27	-7.69	-24.2	-8.18	9.36	15.56	ENSG00000140044_LINE415_JDP2_D_N2
2.65	-5.82	-8.26	-10.03	-3.2	0.43	8.25	9.12	ENSG00000143578_LINE419_CREB3L4_I
4.93	-5.84	-8.11	-8.97	-2.14	0.22	6.52	8.11	ENSG00000146592_LINE421_CREB5_I
33.44	-2.89	-8.79	-11.29	-2.03	-1.47	0.6	3	ENSG00000153879_LINE428_CEBPG_D_N2
1.81	0.35	1.26	-6.13	-10.45	-1.7	7.03	8.22	ENSG00000156127_LINE435_BATF_D_N1
-1.1	2.62	6.73	-10.64	-25.73	-5.8	12.66	19.08	ENSG00000156273_LINE437_BACH1_D_N1
0.93	-3.64	-3.97	-4.69	-2.44	0.97	4.67	3.95	ENSG00000157613_LINE447_CREB3L1_D_N3
1.18	-7.29	-11.13	-10.76	-3.73	-0.46	10.44	12.4	ENSG00000162772_LINE455_ATF3_D_N5
12.23	-2.56	-5.07	-4.58	0.22	-1.28	0.29	3.34	ENSG00000165030_LINE463_NFIL3_D_N4
25.12	-1.09	-6.96	-7.56	-2.22	-1.28	-0.45	1.33	ENSG00000167074_LINE470_TEF_D_N3
4.47	-1.91	-2.73	-3.77	-2.47	-0.06	3.34	2.85	ENSG00000168468_LINE473_CR7538031_I
4.95	1.11	-1.49	-1.16	1.81	-0.17	-1.85	-0.86	ENSG00000169136_LINE475_ATF5_D
0.58	2.49	5.24	-11.29	-31.49	-6.32	13.09	20.66	ENSG00000170345_LINE476_FOS_D_N4
2.54	-6.13	-8.23	-8.31	-2.43	0.58	7.56	8.39	ENSG00000170653_LINE486_ATF7_D
-0.51	1.75	4.77	-10.98	-28.24	-5.27	13.31	22.05	ENSG00000171223_LINE487_JUNB_D_N3
41.04	-6.23	-13.2	-13.71	-0.01	-0.32	0.82	3.7	ENSG00000172216_LINE498_CEBPB_D_N8
0.68	-0.8	-0.2	-1.09	0.38	-0.09	0.9	-0.18	ENSG00000175197_LINE504_DDIT3_D
-0.84	0.99	4.41	-12.78	-30.12	-5.29	16.57	25.48	ENSG00000175592_LINE505_FOSL1_D_N3
0.89	2.72	5.48	-11.31	-27.89	-6.81	13.34	20.41	ENSG00000177606_LINE517_JUN_D_N5
0.37	-4.94	-5.24	-6.28	-2.91	4.77	6.57	4.66	ENSG00000178573_LINE525_MAF_D
1.46	-0.18	-0.61	-1.81	-5.31	-2.43	3.94	4.89	ENSG00000182158_LINE526_CREB3L2_I
-0.44	0.02	-0.28	-1.28	-0.61	0.2	1.09	0.71	ENSG00000182759_LINE530_MAFA_D
-5.66	-11.33	-9.79	-13.91	-5.79	6.66	17.83	14.31	ENSG00000185022_LINE534_MAFF_D_N2
-2.61	-8.85	-8.15	-8.61	-2.03	5.32	10.6	9.61	ENSG00000197063_LINE538_MAFG_D_N1
-4.14	-7.36	-6.78	-12.56	-5.32	4.52	16.73	12.67	ENSG00000198517_LINE543_MAFK_D_N5
-2.01	-5.71	-5.04	-6.16	-1.7	4.83	7.38	4.98	ENSG00000204103_LINE553_MAFB_D
4.47	-1.91	-2.73	-3.77	-2.47	-0.06	3.34	2.85	ENSG00000213676_LINE554_ATF6B_I
42.89	-6.51	-13.44	-12.67	-0.53	0.13	0.92	3.81	ENSG00000221869_LINE558_CEBPD_D_N2
4.47	-1.91	-2.73	-3.77	-2.47	-0.06	3.34	2.85	ENSG00000228628_LINE559_CR9257962_I
4.47	-1.91	-2.73	-3.77	-2.47	-0.06	3.34	2.85	ENSG00000234539_LINE560_AL6628286_I
57.04	-5.92	-12.96	-13.2	0.07	-1.76	-1.58	1.28	ENSG00000245848_LINE568_CEBPA_D_N4
0.52	-0.83	-1.82	-2.01	-1.27	0.31	1.84	2.62	ENSG00000250542_LINE569_ENSG00000250542_I
-12.41	-8.95	-6.23	-5.03	3.99	11.71	7.9	3.82	ENSG00000148516_LINE581_ZEB1_D_N5
-1.22	1.73	2.78	2.36	-1.56	-1.26	-1.26	-1.04	ENSG00000005889_LINE590_ZFX_D
-0.55	0.65	-0.05	-0.25	2.06	-0.54	-1.22	-0.49	ENSG00000006194_LINE594_ZNF263_D_N2
1.31	1.17	0.62	1.12	0.32	-1.05	-1.87	-0.29	ENSG00000010818_LINE598_HIVEP2_D
-16.91	-11.99	-7.37	-6.11	4.32	12.53	10.73	6.53	ENSG00000019549_LINE604_SNAI2_D_N2
-1.51	-0.1	1.49	1.76	0.37	0.23	-0.43	-1.42	ENSG00000043355_LINE608_ZIC2_D_N2
4.38	-4.69	-7.17	-6.35	3.96	3.93	3.6	2.82	ENSG00000057657_LINE611_PRDM1_D_N4
-0.99	-1.3	-1.86	-2.85	-1.89	-0.94	2.47	4.43	ENSG00000065029_LINE624_ZNF76_I
5.6	2.03	0.06	-2.33	-3.89	-4.96	1.19	2.19	ENSG00000067082_LINE628_KLF6_D
-3.67	1.79	4.45	5.31	-1.33	-1.19	-1.93	-1.87	ENSG00000067646_LINE629_ZFY_I
0.06	1.25	0.84	-1.11	-1.92	0.15	0.9	0.27	ENSG00000074047_LINE632_GLI2_D_N2
-4.85	-1.51	1.05	1.13	1.15	2.25	0.74	-0.79	ENSG00000084093_LINE665_REST_D_N10
-10.77	9.17	11.93	17.47	2.72	-7.75	-11.88	-12.83	ENSG00000085276_LINE669_MECOM_D_N5
1.49	-0.45	-0.25	0.46	0.44	-0.84	-1.01	0.53	ENSG00000095951_LINE680_HIVEP1_D
-3.52	-3.08	-2.04	-0.35	5.36	5.62	0.73	-2.68	ENSG00000099326_LINE684_MZF1_D_N3
-3.37	0.28	1.08	2.29	2.26	-0.22	-1.92	-0.78	ENSG00000100105_LINE688_PATZ1_D
-0.06	-8.25	-11.03	-10.75	-0.78	2.36	8.22	10.79	ENSG00000100811_LINE701_YY1_D_N9
-4.86	-1.67	1.21	2.04	1.26	2.23	-0.06	-0.9	ENSG00000102349_LINE709_KLF8_D
-3.79	-0.61	0.38	1.83	1.47	-0.77	0.06	-0.57	ENSG00000102554_LINE710_KLF5_D
-5.37	-2.63	-0.8	0.99	2.5	2.9	0.74	-1.02	ENSG00000102935_LINE713_ZNF423_D_N2
0.15	-0.62	0.79	-2.87	-9.19	-2.5	2.53	9.27	ENSG00000102974_LINE747_CTCF_D_N67
-0.17	1.28	0.14	0.14	1.24	-1.5	-0.89	-0.31	ENSG00000103495_LINE797_MAZ_D
-15.92	-5.1	0.03	4.98	9.24	7.29	0.11	-6.1	ENSG00000105610_LINE802_KLF1_D
6.39	3.33	0.97	-1.28	-7.04	-7.42	1.81	3.8	ENSG00000105866_LINE807_SP4_D_N1
1.62	-1.42	-1.44	-0.98	0.07	1.16	1.13	0.23	ENSG00000106261_LINE809_ZKSCAN1_I
-5.07	-2.09	-0.27	-0.03	2.17	2.7	0.71	-1.06	ENSG00000106571_LINE813_GLI3_D
2.25	-0.16	-0.21	-0.42	-1.89	-0.39	0.5	1.41	ENSG00000107249_LINE815_GLIS3_D_N1
-15.3	-6.59	-1.52	3.09	9.32	9.87	1.91	-4.27	ENSG00000109787_LINE818_KLF3_D
-0.78	0.08	0.19	0.13	0.56	-0.4	-0.26	0.01	ENSG00000110851_LINE821_PRDM4_D
-3.17	-0.83	0.4	-0.01	-0.25	2.21	0.95	-0.34	ENSG00000111087_LINE825_GLI1_D
-4.97	-1.19	0.29	3.28	3.1	1.75	-1.87	-1.81	ENSG00000113916_LINE832_BCL6_D
-0.52	2.49	2.94	2.19	2.14	0.1	-3.72	-5.17	ENSG00000114853_LINE833_ZBTB47_I
0.49	1.43	0.4	-0.04	-3.99	-4.99	1.73	2.63	ENSG00000118263_LINE839_KLF7_I
-1.3	2.67	4	4.12	0.19	-0.43	-3.45	-3.3	ENSG00000118495_LINE840_PLAGL1_D
-1.32	2.47	3.9	3.64	-0.73	-0.94	-2.29	-3.07	ENSG00000118922_LINE842_KLF12_D
3.01	2.45	1.4	0.82	-2.08	-2.09	-1.63	0.57	ENSG00000119138_LINE843_KLF9_I
-1.12	-0.16	0.89	1.77	1.47	-0.74	-1.61	-0.5	ENSG00000119725_LINE845_ZNF410_D
27.94	3.46	-7.04	-10.51	-5.41	-4.42	-0.07	2.06	ENSG00000119866_LINE848_BCL11A_D
5.71	0.02	-2.2	-3.02	-2.26	-3.6	1.54	2.86	ENSG00000120738_LINE864_EGR1_D_N8
3.64	3.09	0.72	-1.22	-3.06	-4.15	0.4	1.43	ENSG00000122877_LINE877_EGR2_D_N4
-4.88	-2.3	-2.04	-1.68	1.95	2.6	1.57	2.21	ENSG00000123411_LINE879_IKZF4_I
0.18	-1.42	0.17	-2.31	-5.3	-1.26	1.06	6.67	ENSG00000124092_LINE881_CTCFL_D
-11.29	-6.42	-2.13	-1.06	1.62	6.52	5.4	2.94	ENSG00000124216_LINE884_SNAI1_D
-1.43	4.64	4.08	1.22	1.39	-2.01	-3.19	-4.18	ENSG00000124782_LINE888_RREB1_D_N2
1.76	0.81	0.52	0.3	-1.1	-0.56	-1.33	0.7	ENSG00000126603_LINE899_GLIS2_D
2.07	-0.16	-2.15	-3.68	-0.52	-0.07	1.89	3.74	ENSG00000126746_LINE901_ZNF384_D
-3.22	-2.8	-2.88	-2.04	0.56	1.5	2.52	2.3	ENSG00000126804_LINE902_ZBTB1_I
0.17	0.98	0.42	-0.73	-1.79	-0.65	0.24	1.39	ENSG00000128610_LINE909_FEZF1_I
2.28	1.97	1.07	0.24	-3.15	-4.59	0.44	1.24	ENSG00000129911_LINE910_KLF16_D
5.06	-0.13	-1.96	-3.16	-1.52	0.73	1.77	0.38	ENSG00000130182_LINE911_ZSCAN10_I
2.47	1.86	-0.16	-0.54	-1.74	-2.98	0.17	0.86	ENSG00000135625_LINE931_EGR4_D_N3
-9.1	-1.97	0.2	2.68	2.24	0.93	1.25	-0.77	ENSG00000136826_LINE939_KLF4_D
-0.83	0.1	0.27	0.69	-0.39	-2.87	-0.27	1.22	ENSG00000139651_LINE949_ZNF740_D_N2
-0.3	0.56	0.5	0.21	-1.48	0.45	-0.37	0.88	ENSG00000139800_LINE950_ZIC5_I
-7.29	7.15	10.78	14.82	2.97	-6.04	-11.31	-10.7	ENSG00000142611_LINE960_PRDM16_I
2.08	1.22	0.54	-0.02	-0.68	-2.01	-0.9	0.34	ENSG00000143867_LINE963_OSR1_I
-0.68	-0.35	0.91	0.25	-0.65	1.91	0	-0.42	ENSG00000152977_LINE989_ZIC1_D_N2
0.17	0.98	0.42	-0.73	-1.79	-0.65	0.24	1.39	ENSG00000153266_LINE992_FEZF2_I
-2	-1.13	0.53	0.37	-0.32	2.73	0.57	-0.42	ENSG00000156925_LINE999_ZIC3_D_N2
3.16	1.67	0.07	-1.51	-1.35	0.52	-0.1	-0.37	ENSG00000160685_LINE1022_ZBTB7B_D_N1
-0.18	1.16	1.6	3.04	2.14	-0.49	-3.03	-3.29	ENSG00000160961_LINE1026_ZNF333_D
-2.07	-1.03	-0.57	0.88	1.53	1.58	-0.6	-0.5	ENSG00000161940_LINE1031_BCL6B_D
-0.74	1.08	0.24	-0.14	1.79	0.36	-1.21	-0.8	ENSG00000162086_LINE1032_ZNF75A_D
3.67	-1.1	-4	-6.8	-6.45	-2.7	6.44	8.33	ENSG00000162676_LINE1033_GFI1_D_N2
-0.48	0.94	2.15	1.19	-0.71	-3.57	-1.3	1.29	ENSG00000162702_LINE1036_ZNF281_I
1.69	1.45	1.05	0.3	0.24	-3.41	-1.25	-0.25	ENSG00000163848_LINE1042_ZNF148_D
-1.03	1.77	2.59	2.4	-0.98	-1.9	-1.45	-0.77	ENSG00000163884_LINE1044_KLF15_D
-2.24	-0.51	0.47	0.83	1.6	1.63	-0.63	-1.11	ENSG00000164011_LINE1045_ZNF691_I
-0.3	1.97	2.23	1.78	0.37	-0.82	-2.08	-1.77	ENSG00000164048_LINE1047_ZNF589_D
0.75	1.38	0.57	0.11	-3.35	-4.55	1.31	2.21	ENSG00000164651_LINE1050_SP8_D
1.34	0.32	0.02	-0.83	0.29	-0.71	-0.22	0.08	ENSG00000164920_LINE1051_OSR2_I
4.04	1.43	0.31	-2.62	-5.97	-3.67	3.1	4.19	ENSG00000165702_LINE1058_GFI1B_D
-0.88	0.42	0.25	-0.39	0.19	-2.82	0.13	1.13	ENSG00000165804_LINE1060_ZNF219_D
1.02	-0.03	0.87	1.21	0.81	-0.48	-1.63	-1.15	ENSG00000166261_LINE1063_ZNF202_I
1.12	-1.31	-2.89	-4.89	-3.6	-1.88	3.38	7.3	ENSG00000166478_LINE1065_ZNF143_D_N2
5.71	1.93	-0.57	-2.22	-3.01	-4.93	0.69	2.41	ENSG00000167182_LINE1077_SP2_D_N1
-2.86	-0.15	1.28	1.73	2.5	1.45	-1.62	-2.64	ENSG00000167840_LINE1104_ZNF232_D
2.76	-4.76	-6.69	-7.34	-3.87	-0.39	6.25	8.61	ENSG00000167967_LINE1107_E4F1_D
0.18	-0.94	-1.52	-2.06	-0.39	0.37	1.68	1.49	ENSG00000168826_LINE1113_ZBTB49_D
-5.72	-0.99	0.73	1.24	0.54	1.31	1.65	-0.87	ENSG00000169635_LINE1117_HIC2_D
-2.71	-3.33	-2.29	0.1	4.35	4.36	-0.01	-0.9	ENSG00000169740_LINE1118_ZNF32_I
3.98	2.02	0.69	0.47	-3.39	-4.56	-0.03	1.3	ENSG00000169926_LINE1120_KLF13_D
-3.28	-1.34	-2.07	-3.19	-5.91	-1.53	6.72	8.47	ENSG00000169981_LINE1124_ZNF35_I
0.63	3.85	3.67	2.28	-1.42	-3.17	-3.27	-0.3	ENSG00000170265_LINE1127_ZNF282_D
0.75	1.38	0.57	0.11	-3.35	-4.55	1.31	2.21	ENSG00000170374_LINE1129_SP7_I
-1.73	-4.56	-3.98	-2.39	1.58	4.84	3.49	1.07	ENSG00000170616_LINE1130_SCRT1_D
-1.93	-2.61	-1.79	-1.15	1.62	3.43	2.2	0.06	ENSG00000171443_LINE1140_ZNF524_D_N1
1.11	1.32	1.88	0.91	-0.99	-1.01	-1.22	-1.14	ENSG00000171606_LINE1149_ZNF274_D_N2
1.87	0.72	-0.56	-1.01	-0.73	-1.56	0.22	0.88	ENSG00000172273_LINE1160_HINFP_D_N3
2.22	0.65	0.27	0.07	-2.09	-0.22	0.23	0.19	ENSG00000172818_LINE1168_OVOL1_D
-1.85	0.77	0.71	1.11	-1.81	-3.4	0.86	0.86	ENSG00000172845_LINE1170_SP3_D_N1
0.75	4.4	4.98	3.55	-2.04	-2.44	-3.46	-2.9	ENSG00000173404_LINE1178_INSM1_D_N2
2.53	-0.53	-2.07	-2.15	-0.23	-0.45	0.91	1.6	ENSG00000174282_LINE1183_ZBTB4_D_N1
1.18	-0.39	-0.69	-1.11	-1.21	-0.24	0.55	1.9	ENSG00000174332_LINE1185_GLIS1_D
4.06	1.8	-0.17	-1.38	-5.23	-5.41	2.18	3.65	ENSG00000174595_LINE1187_KLF14_D
-0.62	0.91	2.13	3.46	0.82	-1.07	-2.82	-1.34	ENSG00000174963_LINE1189_ZIC4_D
4.9	-4.3	-6.22	-6.06	2.48	3.35	3.51	2.86	ENSG00000176083_LINE1197_ZNF683_I
-2.35	-1.17	0.34	1.25	2.8	2.11	-0.57	-2.2	ENSG00000177374_LINE1207_HIC1_D
4.14	-0.65	-2.16	-1.89	0.67	-1.95	-0.09	1.62	ENSG00000177485_LINE1208_ZBTB33_D_N1
-7.24	-4.08	-1.56	-0.3	4.36	3.94	1.35	0.71	ENSG00000177932_LINE1220_ZNF354C_D
1.34	2.67	2.14	0.13	-1.2	-1.97	-1.52	-0.7	ENSG00000178665_LINE1229_ZNF713_D
5.93	1.28	-0.55	-1.59	-2.7	-3.4	0.15	1.49	ENSG00000178951_LINE1236_ZBTB7A_D_N1
3.75	0.81	0.09	-0.97	-2.7	-1.95	0.4	1.28	ENSG00000179388_LINE1241_EGR3_D_N2
-4.32	-2.65	0.52	3.46	6.84	2.8	-1.93	-4.78	ENSG00000179456_LINE1245_ZNF238_D_N4
-4.32	-2.65	0.52	3.46	6.84	2.8	-1.93	-4.78	ENSG00000179627_LINE1250_ZBTB42_I
-2.47	-1.66	-2.08	-2.59	-0.21	3.64	2.96	2.12	ENSG00000179922_LINE1252_ZNF784_D
-1.13	0.28	0.42	0.06	0.92	2.38	0.23	-2.66	ENSG00000180532_LINE1261_ZSCAN4_D
-0.1	1.25	1.79	1.88	-0.38	-0.32	-1.48	-1.33	ENSG00000181690_LINE1275_PLAG1_D_N1
3.14	1.13	-0.66	-1.48	-0.8	-0.46	-0.17	0.3	ENSG00000184828_LINE1301_ZBTB7C_D
2.51	0.3	-1.45	-2.87	-1.27	-2.45	1.56	1.77	ENSG00000184937_LINE1305_WT1_D
4.45	1.65	0.1	-0.99	-2.48	-4.8	0.33	1.56	ENSG00000185591_LINE1321_SP1_D_N5
-0.46	-1.79	0.17	1.82	2.31	1.11	-0.52	-3.09	ENSG00000185669_LINE1323_SNAI3_I
-12.53	-5.95	-2	-1.71	-0.34	5.27	6.94	2.44	ENSG00000185670_LINE1324_ZBTB3_I
-4.88	-2.3	-2.04	-1.68	1.95	2.6	1.57	2.21	ENSG00000185811_LINE1326_IKZF1_D_N3
-2.61	-0.77	-0.25	-0.2	-0.08	1.48	0.68	0.76	ENSG00000186130_LINE1341_ZBTB6_D_N2
-0.74	1.08	0.24	-0.14	1.79	0.36	-1.21	-0.8	ENSG00000186376_LINE1345_ZNF75D_I
-0.96	1.32	2.19	2.64	-0.69	-0.99	-1.7	-0.83	ENSG00000187626_LINE1355_ZKSCAN4_I
2.81	3.38	3.73	4.3	-0.84	-3.25	-4.45	-2.83	ENSG00000188786_LINE1372_MTF1_D_N2
5.85	3.3	0.77	-0.35	-5.41	-7.19	0.87	2.59	ENSG00000189120_LINE1378_SP6_I
-0.96	1.32	2.19	2.64	-0.69	-0.99	-1.7	-0.83	ENSG00000189298_LINE1383_ZKSCAN3_D
-1.85	-0.03	1.3	2.3	-0.03	-0.36	-0.18	-1.68	ENSG00000196812_LINE1427_ZSCAN16_D
-0.52	2.49	2.94	2.19	2.14	0.1	-3.72	-5.17	ENSG00000198740_LINE1514_ZNF652_I
5.85	3.3	0.77	-0.35	-5.41	-7.19	0.87	2.59	ENSG00000204335_LINE1520_SP5_I
-1.27	0.68	1.2	1.14	0.6	-0.89	-1.79	0.03	ENSG00000204366_LINE1521_ZBTB12_I
-1.27	0.68	1.2	1.14	0.6	-0.89	-1.79	0.03	ENSG00000206366_LINE1540_AL8448538_I
-1.1	-4	-3.5	-1.16	3.46	3.98	1.5	-0.21	ENSG00000215397_LINE1563_SCRT2_D
0.75	1.38	0.57	0.11	-3.35	-4.55	1.31	2.21	ENSG00000217236_LINE1567_SP9_I
-1.28	-6.63	-9.58	-9.7	-0.76	1.69	7.77	10.74	ENSG00000230797_LINE1592_YY2_D_N2
-1.27	0.68	1.2	1.14	0.6	-0.89	-1.79	0.03	ENSG00000234196_LINE1597_CR7597843_I
-1.27	0.68	1.2	1.14	0.6	-0.89	-1.79	0.03	ENSG00000234852_LINE1601_CR3882194_I
-1.27	0.68	1.2	1.14	0.6	-0.89	-1.79	0.03	ENSG00000237900_LINE1611_AL66283413_I
13.76	3.98	-3.03	-6.24	-3.91	-5.2	1.87	1.93	ENSG00000001167_LINE1661_NFYA_D_N2
0.78	-0.2	-1.64	-1.91	-0.49	-0.62	1.31	1.91	ENSG00000125817_LINE1666_CENPB_D
7.81	2.03	-0.25	-1.5	-2.68	-2.94	0.42	0.21	ENSG00000065978_LINE1683_YBX1_D
-1.59	-0.85	-1.42	-2.11	0.53	0.43	0.98	2.61	ENSG00000168214_LINE1691_RBPJ_D
-1.34	-3.17	-2.73	-1.23	1.29	1.27	1.48	1.86	ENSG00000111249_LINE1692_CUX2_D_N1
-2.02	-0.53	-0.86	-1.1	-0.69	1.06	1.75	2.45	ENSG00000119547_LINE1696_ONECUT2_D_N1
-2.54	-0.78	0.24	0.7	0.8	0.3	0.14	-0.2	ENSG00000160967_LINE1705_CUX1_D_N2
-2.82	-1.67	-1.91	-1.73	-0.55	1.87	3	3.28	ENSG00000169856_LINE1708_ONECUT1_D_N3
-2.59	0.11	0.3	0.24	-1.11	0.51	1.12	1.38	ENSG00000205922_LINE1713_ONECUT3_D
0.17	-0.64	-1.45	-2.07	1.77	2.27	0.15	0.41	ENSG00000189308_LINE1715_LIN54_I
3.23	1.69	0.13	-0.75	-0.76	-0.95	-0.78	0.2	BAD931201_LINE1717_CGBP_D_N3
3.74	-0.24	-1.63	-1.95	-1.04	0.1	1.32	0.97	ENSG00000089094_LINE1718_KDM2B_D
7.2	-0.02	-2.3	-3.93	-2.42	-2.21	1.7	2.61	ENSG00000118058_LINE1721_MLL_D
1.24	-5.36	-8.33	-7.23	4.36	4.17	3.63	4.05	ENSG00000130816_LINE1722_DNMT1_D
1.26	-0.14	-0.95	-0.06	1.72	-1.33	-0.97	-0.1	ENSG00000138336_LINE1723_TET1_D
3.57	0.47	-1.06	-1.74	-2.76	-1.97	1.19	2.57	ENSG00000154832_LINE1724_CXXC1_D
1.85	-0.73	0.16	3.48	3.77	-0.38	-3.12	-3.55	ENSG00000064218_LINE1728_DMRT3_D
5.39	-0.4	-2.01	-1.74	-0.07	-0.66	0.21	0.53	ENSG00000137090_LINE1730_DMRT1_D_N1
5.08	-1.1	-2.44	-1.26	0.96	0.1	0.2	-0.12	ENSG00000142700_LINE1734_DMRTA2_D
-2.1	1.36	1.47	1.98	0.87	-0.6	-2.03	-1.77	ENSG00000173253_LINE1736_DMRT2_D
4.03	1.64	-0.52	-0.19	7.28	1.08	-4.26	-3.39	ENSG00000114126_LINE1740_TFDP2_I
4.03	1.64	-0.52	-0.19	7.28	1.08	-4.26	-3.39	ENSG00000183434_LINE1741_TFDP3_I
4.03	1.64	-0.52	-0.19	7.28	1.08	-4.26	-3.39	ENSG00000198176_LINE1742_TFDP1_D
2.19	0.62	0.11	-0.13	1.16	-0.05	-1.09	-1.09	ENSG00000007968_LINE1743_E2F2_D_N1
2.15	0.76	-0.12	-0.46	1.87	0.02	-1.73	-1.15	ENSG00000101412_LINE1763_E2F1_D_N3
3.92	-0.44	-2.52	-2.94	1.05	0.28	-0.08	1.87	ENSG00000112242_LINE1768_E2F3_D_N1
3.2	1.14	-0.53	-0.55	3.81	0.12	-3.72	-2.15	ENSG00000129173_LINE1772_E2F8_D
6.61	2.22	0.29	1.05	6.38	-0.64	-5.23	-3.4	ENSG00000133740_LINE1773_E2F5_D
2.42	1.88	0.5	1.2	5.04	-0.06	-4.4	-3.71	ENSG00000165891_LINE1774_E2F7_D_N1
2.95	2.58	0.91	2.37	9.72	1.22	-6.49	-4.88	ENSG00000169016_LINE1781_E2F6_D_N5
5.7	2.49	0.21	1.66	11.8	-0.23	-7.18	-4.67	ENSG00000205250_LINE1789_E2F4_D_N4
5.02	1.42	0.65	-0.35	-1.88	-2.45	-0.68	0.47	ENSG00000012048_LINE1793_BRCA1_D_N2
9.76	-1.75	-4.83	-9.28	-6.65	-4.37	6.01	8.2	ENSG00000006468_LINE1799_ETV1_D
18.28	2.61	-3.4	-8.68	-6.4	-3.94	1.76	3.66	ENSG00000010030_LINE1801_ETV7_D
45.74	6.76	-8.97	-16.3	-7.35	-7.49	-2.44	1.55	ENSG00000066336_LINE1813_SPI1_D_N5
13.51	0.3	-4.51	-8.89	-7.17	-5.09	5.61	7.02	ENSG00000102034_LINE1814_ELF4_D
23.35	4.09	-3.23	-8.43	-7.35	-6.61	1.93	3.49	ENSG00000105672_LINE1815_ETV2_D
20.3	0.47	-4.56	-9.66	-7.92	-5.46	4.57	7.17	ENSG00000105722_LINE1816_ERF_D
32.25	4.91	-2.69	-7.48	-7.21	-6.43	-1.58	0.74	ENSG00000109381_LINE1818_ELF2_D
9.99	-1.65	-5.24	-10.08	-7.31	-4.58	6.73	8.89	ENSG00000111145_LINE1820_ELK3_D_N1
12.41	-0.84	-5	-9.87	-6.44	-4.41	5.79	7.88	ENSG00000117036_LINE1822_ETV3_D
18.4	1.69	-5.65	-11.8	-9.12	-6.99	5.89	7.32	ENSG00000120690_LINE1828_ELF1_D_N8
10.33	1.01	-1.79	-4.68	-5.45	-4.5	2.32	5.43	ENSG00000124664_LINE1834_SPDEF_D_N2
10.72	-1.68	-5.6	-10.44	-7.72	-4.71	7.18	8.92	ENSG00000126767_LINE1846_ELK1_D_N6
14.71	-0.34	-4.6	-9.5	-7.73	-5.38	5.73	7.37	ENSG00000134954_LINE1864_ETS1_D_N5
14.99	-0.09	-6.29	-9.58	-6.99	-3.97	5.94	7.45	ENSG00000135373_LINE1869_EHF_D_N2
27.06	2.42	-6.82	-13.98	-7.98	-5.9	4.59	6.06	ENSG00000135374_LINE1873_ELF5_D_N3
20.9	0.6	-7.13	-10.38	-6.43	-5.14	3.71	5.75	ENSG00000139083_LINE1875_ETV6_D_N1
74.56	9.49	-12.19	-18.28	-12.43	-11.18	-1.76	1.64	ENSG00000142539_LINE1880_SPIB_D_N2
15.07	-0.13	-4.16	-8.96	-7.88	-5.64	5.23	6.7	ENSG00000151702_LINE1884_FLI1_D_N2
14.86	0.81	-4.41	-11.45	-9.28	-5.92	6.39	8.26	ENSG00000154727_LINE1896_GABPA_D_N7
22.39	0.76	-4.45	-10.52	-7.54	-6.11	4.74	6.35	ENSG00000157554_LINE1903_ERG_D_N3
23.46	5.76	-1.96	-8.08	-6.24	-7.28	-1.62	1.73	ENSG00000157557_LINE1909_ETS2_D
16.77	1.48	-4.45	-9.86	-9.44	-6.63	5.37	7.17	ENSG00000158711_LINE1910_ELK4_D_N5
14.04	-0.84	-6.83	-10.11	-6.73	-3.31	6.24	7.65	ENSG00000163435_LINE1919_ELF3_D_N2
14.8	-0.71	-5.19	-11.13	-7.44	-4.85	6.15	8.37	ENSG00000163497_LINE1921_FEV_D_N1
50.63	5.58	-10.2	-15.43	-9.52	-6.23	1.14	3.51	ENSG00000166211_LINE1923_SPIC_D
9.98	-1.7	-4.9	-9.28	-6.7	-4.61	6.14	8.14	ENSG00000175832_LINE1926_ETV4_D_N1
14.22	-1.06	-6.08	-11.29	-6.56	-4.2	6.28	8.14	ENSG00000235187_LINE1928_ENSG00000235187_I
9.97	-1.15	-4.68	-8.4	-6.91	-5.28	6.21	7.02	ENSG00000244405_LINE1929_ETV5_D_N1
-8.44	-15.44	-15.45	-16.21	-9.07	8.42	24	21.23	ENSG00000049768_LINE1933_FOXP3_D_N1
-3.99	-4.51	-5.43	-5.5	-4.01	1.9	8.07	9.49	ENSG00000054598_LINE1938_FOXC1_D_N2
-6.87	-3.83	-3.58	-2.61	-2.4	1.63	5.5	5.53	ENSG00000065970_LINE1948_FOXJ2_D_N2
-6.48	-6.59	-7.03	-6.92	-3.57	3.43	10.14	11.34	ENSG00000103241_LINE1950_FOXF1_D_N2
-1.83	-0.32	-1.2	-1.77	-2.71	-0.73	2.79	4.34	ENSG00000111206_LINE1956_FOXM1_D
-11.13	-14.7	-13.84	-14.19	-8.02	6.85	23.37	21.15	ENSG00000114861_LINE1957_FOXP1_D_N1
-8.78	-14.93	-15.04	-16.57	-9.23	8.34	25.22	21.22	ENSG00000118689_LINE1963_FOXO3_D_N2
-5.24	-7.28	-8.43	-8.93	-6.11	3.55	13.75	13.01	ENSG00000125798_LINE1969_FOXA2_D_N2
-7.08	-9.74	-9.69	-9.54	-5.98	3.65	16.48	16.44	ENSG00000128573_LINE1970_FOXP2_D_N2
-4.92	-7.49	-8.32	-9.6	-5.62	3.89	14.3	13.18	ENSG00000129514_LINE1982_FOXA1_D_N7
-11.13	-14.7	-13.84	-14.19	-8.02	6.85	23.37	21.15	ENSG00000137166_LINE1988_FOXP4_I
-6.86	-8.54	-7	-6.5	-2.57	3.62	10.15	10.29	ENSG00000137273_LINE1989_FOXF2_D_N2
-8.79	-8.16	-9.2	-9.71	-6.5	2.76	12.59	15.2	ENSG00000141568_LINE1994_FOXK2_I
-9.76	-13.47	-13.16	-11.44	-5.91	6.35	17.35	18.04	ENSG00000150907_LINE2000_FOXO1_D_N3
-0.9	-0.31	-0.19	0.2	0.2	-0.63	0.02	0.74	ENSG00000160973_LINE2004_FOXH1_D
-2.41	-2.28	-2.89	-3.14	-1.94	0.98	4.94	4.25	ENSG00000164379_LINE2006_FOXQ1_D
-10.6	-13.01	-13.43	-13.64	-8.78	6.32	19.1	20.73	ENSG00000164916_LINE2007_FOXK1_D_N1
-3.6	-5.97	-6.81	-6.67	-3.87	2.71	8.9	9.15	ENSG00000168269_LINE2010_FOXI1_D_N2
-6.79	-3.17	-2.74	-3.01	-2.88	0.53	6.12	7.15	ENSG00000170608_LINE2016_FOXA3_D
-7.06	-8.9	-9.07	-8.92	-2.71	5.9	12.19	12.33	ENSG00000171956_LINE2021_FOXB1_D_N2
-11.24	-13.32	-13.9	-12.93	-6.13	6.24	20.04	20.27	ENSG00000176165_LINE2023_FOXG1_D_N1
-3.41	-3.43	-2.47	-0.86	0.85	4.19	1.84	1.91	ENSG00000176678_LINE2028_FOXL1_D_N1
-3.74	-2.87	-0.78	0.23	0.86	1.13	1.93	1.61	ENSG00000176692_LINE2032_FOXC2_D_N1
-7.34	-3.2	-3.42	-4.63	-2.47	2.21	6.96	8.73	ENSG00000178919_LINE2036_FOXE1_I
-7.71	-10.24	-10.92	-10.38	-9.15	5.02	15.78	16.04	ENSG00000179772_LINE2037_FOXS1_I
-5.9	-5.72	-7.18	-8.61	-5.41	1.91	10.73	12.99	ENSG00000184481_LINE2039_FOXO4_D_N3
-5.02	-2.85	-2.11	-0.32	2.08	2.08	2.07	2.02	ENSG00000186564_LINE2047_FOXD2_D_N1
-2.77	-3.36	-4.68	-4.63	-1.72	1.98	5.66	6.77	ENSG00000186766_LINE2049_FOXI2_I
-8.51	-15.52	-15.44	-16.2	-9.01	8.53	23.94	21.06	ENSG00000186790_LINE2050_FOXE3_I
-1.86	-1.24	-3.03	-5.03	-3.94	-0.43	5.82	7.27	ENSG00000187140_LINE2054_FOXD3_D_N2
-8.86	-8.68	-7.81	-5.61	-3.62	3.21	10.79	10.56	ENSG00000198815_LINE2057_FOXJ3_D_N1
-3.65	-5.41	-4.71	-4.26	-2.71	1.99	8.31	7.1	ENSG00000204060_LINE2062_FOXO6_D_N1
-3.47	-7.44	-9.09	-10.23	-7.19	4.66	12.53	12.34	ENSG00000204612_LINE2065_FOXB2_I
-10.6	-13.01	-13.43	-13.64	-8.78	6.32	19.1	20.73	ENSG00000242802_LINE2069_KIAA0415_I
-8.51	-15.52	-15.44	-16.2	-9.01	8.53	23.94	21.06	ENSG00000251493_LINE2070_FOXD1_D
-22.8	16.77	25.85	25.54	10.03	-8.04	-18.86	-22.91	ENSG00000102145_LINE2081_GATA1_D_N7
-17.23	15.79	21.9	24.06	6.88	-10.21	-18.17	-21.83	ENSG00000107485_LINE2094_GATA3_D_N6
-18.16	18.28	24.93	26.85	7.13	-11.15	-20.18	-22.99	ENSG00000130700_LINE2097_GATA5_D_N1
-17.72	12.24	20.17	24.03	8.23	-7.7	-17.82	-22.96	ENSG00000136574_LINE2102_GATA4_D_N2
-12.7	9.64	13.79	17.22	6.9	-5.53	-12.68	-16.44	ENSG00000141448_LINE2103_GATA6_D_N2
-21.66	19.4	28.38	33.6	9.62	-10.2	-23.28	-26.33	ENSG00000179348_LINE2120_GATA2_D_N9
-0.57	-1.52	-1.93	-1.96	-0.07	0.76	1.91	2.09	ENSG00000124827_LINE2128_GCM2_D
-1.31	-0.22	0.99	0.37	0.19	-0.01	-0.47	0.08	ENSG00000137270_LINE2132_GCM1_D_N4
2.25	0.82	0.57	0.43	-0.8	-2.17	-0.64	-0.14	ENSG00000134317_LINE2139_GRHL1_D_N2
-3.79	0.08	1.79	3.7	1.27	1.13	-1.2	-3.52	ENSG00000135457_LINE2141_TFCP2_D_N1
-4.22	2.25	3.5	4.97	3.74	0.14	-4.76	-5.68	ENSG00000153560_LINE2149_UBP1_D
-3.53	-0.54	0.93	0.52	0.67	0.33	0.29	0.28	ENSG00000004848_LINE2163_ARX_D
-0.92	-1.39	-1.2	-1.51	-1.56	0.55	2.37	2.51	ENSG00000005073_LINE2164_HOXA11_I
-1.77	-1.65	-1.05	-0.54	1.63	1.4	0.66	0.21	ENSG00000005102_LINE2165_MEOX1_D
1.15	-1.32	-2.16	-2.21	-0.44	-0.11	1.82	2.06	ENSG00000006377_LINE2166_DLX6_D
1.44	1.05	0.44	-1.07	-1.17	-0.14	0.48	0.13	ENSG00000016082_LINE2169_ISL1_D
-0.7	0.7	1.26	1.82	0.28	-1.36	-1.69	-0.38	ENSG00000037965_LINE2170_HOXC8_D
1.75	1.51	1.31	1.67	0.34	-1.77	-2.51	-1.55	ENSG00000043039_LINE2171_BARX2_D
-1.96	0.72	1.92	1.19	0.6	-0.09	-1.17	-1.43	ENSG00000052850_LINE2173_ALX4_D
-1.78	0.2	-0.38	0.42	2.47	0.9	-0.7	-1.07	ENSG00000063515_LINE2174_GSC2_D
3.24	-0.75	-2.28	-3.23	-1.43	-0.19	2.15	2.47	ENSG00000064195_LINE2175_DLX3_D_N2
-4.38	-2	-1.81	-0.08	3.61	2.51	0.34	-1.08	ENSG00000069011_LINE2181_PITX1_D_N3
1.94	-0.03	-0.86	-2.13	-1.72	0.08	1.38	2.09	ENSG00000078399_LINE2184_HOXA9_D_N1
0.14	-0.73	-1.09	-1.78	2.26	1.6	0.1	-0.57	ENSG00000089116_LINE2188_LHX5_I
-3.03	0.13	1.23	3.24	0.95	0.54	-1.42	-1.47	ENSG00000100625_LINE2190_SIX4_I
4.72	-0.13	-1.63	-2.86	-1.01	-1.02	1.04	1.59	ENSG00000100987_LINE2192_VSX1_D_N2
-5.93	1.05	4.05	6.87	3.63	-1.02	-4.57	-4.23	ENSG00000101883_LINE2195_RHOXF1_D_N2
-2.82	-1.73	-1.76	-0.63	1.64	2.11	1.39	-0.03	ENSG00000105392_LINE2200_CRX_D
-1.66	-3.15	-2.37	-2.07	1.37	2.99	2.93	0.72	ENSG00000105419_LINE2201_MEIS3_D_N1
0.86	-0.74	-1.53	-1.36	0.8	0.86	0.3	0.43	ENSG00000105880_LINE2205_DLX5_D
-1.01	-0.2	-0.13	-0.01	1.3	0.51	-0.2	-0.64	ENSG00000105991_LINE2206_HOXA1_D_N1
-0.45	-2.81	-1.92	-2.09	0.47	2.66	2.36	0.59	ENSG00000105996_LINE2208_HOXA2_D_N2
1.19	-0.31	-1.15	-1.05	0.38	-0.18	-0.03	1.17	ENSG00000105997_LINE2210_HOXA3_D
2.21	0.37	-0.47	-0.06	0.34	-0.06	-0.46	-0.47	ENSG00000106004_LINE2211_HOXA5_D_N1
0.11	-1.81	-1.18	-0.65	0.45	0.46	1.23	0.99	ENSG00000106006_LINE2213_HOXA6_I
0.25	-0.41	-1.86	-1.72	-1.16	-0.59	1.36	3.87	ENSG00000106031_LINE2216_HOXA13_D_N3
-2.09	1.06	1.54	2.61	1.26	-0.92	-1.57	-2.3	ENSG00000106038_LINE2221_EVX1_D
2.15	-0.26	-0.7	-1.4	-0.61	-0.5	0.63	1.17	ENSG00000106410_LINE2223_NOBOX_D_N2
-2.24	-1.37	-0.4	0.55	1.44	0.99	0.4	-0.48	ENSG00000106511_LINE2224_MEOX2_D_N1
-2.61	-1.54	-0.74	-0.27	2.51	2.2	-0.05	-0.57	ENSG00000106689_LINE2227_LHX2_D_N2
-0.87	0.25	1.48	3.12	0.31	-2.01	-1.37	-1.69	ENSG00000106852_LINE2232_LHX6_D_N1
-4.18	-2.99	-2.08	-0.83	3.24	3.65	1.73	-0.91	ENSG00000107187_LINE2239_LHX3_D
-2.15	-1.5	-1.29	-1.73	-0.86	1.09	2.62	2.01	ENSG00000107807_LINE2240_TLX1_D_N1
-4.42	-1.07	-1.27	0.03	2.81	1.43	0.29	-0.09	ENSG00000107859_LINE2244_PITX3_D
2.19	-1.41	-1.98	-1.83	-1.29	-0.34	2.04	2.82	ENSG00000108511_LINE2245_HOXB6_D
-1.81	0.92	2.09	3.09	-0.22	-1.79	-1.49	-1.75	ENSG00000108753_LINE2249_HNF1B_D_N3
3.24	-0.75	-2.28	-3.23	-1.43	-0.19	2.15	2.47	ENSG00000108813_LINE2252_DLX4_D
-1.9	-0.77	-0.03	0.19	1.22	1.31	0.08	-0.91	ENSG00000109072_LINE2253_VTN_I
-0.96	-0.48	0.01	0.21	1.12	0.59	-0.38	-0.66	ENSG00000109132_LINE2255_PHOX2B_D_N2
1	-0.52	-0.11	-0.43	0.63	0.29	-0.01	-0.41	ENSG00000109705_LINE2257_NKX32_D
-0.03	0.97	0.31	1.41	0.65	-1.07	-1.21	-0.78	ENSG00000111704_LINE2264_NANOG_D
1.85	1.52	0.78	0.55	0.14	-1.09	-1.67	-0.4	ENSG00000113430_LINE2265_IRX4_I
1.92	0.62	-0.59	0.19	-0.38	-0.28	-0.68	0.61	ENSG00000113722_LINE2267_CDX1_D_N1
0.74	-0.64	0.12	0.64	0.09	-1.02	-0.61	0.61	ENSG00000115297_LINE2269_TLX2_D_N1
-0.89	-0.4	0.03	0.63	0.96	0.08	-0.4	-0.45	ENSG00000115507_LINE2273_OTX1_D_N2
3.24	-0.75	-2.28	-3.23	-1.43	-0.19	2.15	2.47	ENSG00000115844_LINE2275_DLX2_D_N1
-1.52	-1.57	-0.94	0.39	2.71	1.66	-0.12	-1.26	ENSG00000116035_LINE2277_VAX2_D
0.79	-0.78	-1.37	-2.62	-1.17	-0.16	2.22	2.31	ENSG00000116132_LINE2279_PRRX1_D_N2
-4.76	-2.15	0.69	1.84	2.6	2.12	-0.07	-2.6	ENSG00000118707_LINE2283_TGIF2_D
-0.65	-0.36	-0.65	-0.4	0.32	0.43	0.68	0.3	ENSG00000119614_LINE2284_VSX2_D_N3
-0.36	0.27	0	-0.41	0.3	0.48	-0.18	0.05	ENSG00000119919_LINE2287_NKX23_I
-0.71	0.23	1.41	2.59	1.68	-1.76	-2.41	-1.53	ENSG00000120068_LINE2288_HOXB8_D
-3.34	-1.93	-1.08	0.86	1.78	1.61	0.7	-0.4	ENSG00000120075_LINE2289_HOXB5_D
0.44	-0.01	0.59	0.9	-0.06	-1.04	-0.68	-0.08	ENSG00000120087_LINE2290_HOXB7_D
-1.09	-0.28	-0.68	-0.54	0.82	1.32	0.33	-0.35	ENSG00000120093_LINE2291_HOXB3_D
-0.37	-1.02	-1.14	-0.52	1.19	1.09	0.11	0.03	ENSG00000120094_LINE2292_HOXB1_D
3.04	-0.69	-2.21	-2.89	-1.65	-1.15	2.17	2.44	ENSG00000120149_LINE2295_MSX2_D_N2
-2.9	-0.93	0.12	1.02	2.63	1.46	-1.11	-1.25	ENSG00000121454_LINE2297_LHX4_I
0.74	1	1.02	0.71	-1.02	-1.83	-0.3	-0.24	ENSG00000122592_LINE2299_HOXA7_D
-1.09	-1.01	-2.35	-2.08	-0.94	0.94	1.89	3.95	ENSG00000123364_LINE2300_HOXC13_D_N1
1.97	-0.83	-1.86	-3.41	-2.65	0.33	3.78	3.27	ENSG00000123388_LINE2302_HOXC11_D_N2
0.74	0.21	-1.45	-1	-0.51	0.61	0.76	1.21	ENSG00000123407_LINE2306_HOXC12_D_N1
1.67	-0.31	-1.75	-1.67	-0.29	-0.52	1.24	1.2	ENSG00000123576_LINE2308_ESX1_D_N2
2.57	-1.15	-2.09	-2.41	0.1	0.09	1.47	1.58	ENSG00000125492_LINE2310_BARHL1_I
-0.64	-0.16	-0.36	-0.5	0.9	1.17	0.04	-0.35	ENSG00000125816_LINE2311_NKX24_I
1.94	0.33	0.05	-0.78	-0.22	-0.32	-0.11	0.05	ENSG00000125820_LINE2314_NKX22_D_N2
-1.87	-1.14	-0.62	0.1	1.57	1.34	-0.04	0.15	ENSG00000126778_LINE2315_SIX1_I
2.1	-0.56	-1.4	-2.16	-0.18	-0.33	0.81	1.54	ENSG00000128645_LINE2316_HOXD1_I
0.06	-1.05	-0.8	-1.66	-0.94	0.53	2.27	0.97	ENSG00000128652_LINE2317_HOXD3_I
-0.86	-0.7	-0.35	0.05	1.12	0.16	-0.49	0.41	ENSG00000128709_LINE2319_HOXD9_D
-2.25	-0.16	-0.94	-1.69	-0.68	0.62	2.3	2.15	ENSG00000128710_LINE2321_HOXD10_D
1.93	0.32	-1.76	-3.59	-2.26	0.29	2.91	2.33	ENSG00000128713_LINE2322_HOXD11_D_N1
0.32	-0.51	-1.75	-1.82	-1.12	0.32	1.45	3.04	ENSG00000128714_LINE2324_HOXD13_D_N1
-1.5	-0.19	0.37	0.83	0.49	0.58	-0.21	-0.57	ENSG00000130675_LINE2327_MNX1_D
1.06	-0.07	-0.98	0.12	1.47	0.59	-0.83	-0.5	ENSG00000131264_LINE2328_CDX4_I
-0.02	-0.98	0.1	0.32	0.41	0.15	-0.57	0.46	ENSG00000131668_LINE2329_BARX1_D_N1
0.14	-0.73	-1.09	-1.78	2.26	1.6	0.1	-0.57	ENSG00000132130_LINE2332_LHX1_I
-2.02	0.33	-0.25	0.14	2.08	0.45	-0.2	-0.87	ENSG00000133937_LINE2333_GSC_D
-1	-0.88	0.69	1.44	2.6	1.38	-0.91	-3.62	ENSG00000134138_LINE2334_MEIS2_D_N2
1.08	-0.88	-1.38	-2.08	0.04	-0.38	1.21	1.41	ENSG00000134438_LINE2337_RAX_D
-3.55	2.32	3.46	4.23	-1.86	-2.79	-1.31	-1.21	ENSG00000135100_LINE2344_HNF1A_D_N4
-0.13	-0.68	-1.34	-0.48	1.74	0.57	0.17	-0.31	ENSG00000135638_LINE2346_EMX1_D_N2
-0.9	0.14	0.13	0.2	0.41	0.91	-0.4	-0.34	ENSG00000136327_LINE2348_NKX28_D
-3.38	-0.81	1.11	1.7	0.6	1.51	-0.05	-1.32	ENSG00000136352_LINE2353_NKX21_D
-2.15	-0.57	0.05	0.03	2.06	1.62	0.09	-1.68	ENSG00000136367_LINE2354_ZFHX2_D
-2.9	-0.93	0.12	1.02	2.63	1.46	-1.11	-1.25	ENSG00000136630_LINE2355_HLX_I
-2.88	-1.02	-0.77	0.12	1.58	1.72	0.81	-1.05	ENSG00000136944_LINE2356_LMX1B_D_N2
-0.53	-0.08	0.36	0.72	-1.58	0.28	0.53	0.35	ENSG00000138083_LINE2358_SIX3_I
-1.59	-1.32	-0.86	-1.05	0.24	0.69	0.93	1.81	ENSG00000138136_LINE2359_LBX1_D
-2.42	-1.97	-1.55	-1.17	2.06	2.36	1.38	0.02	ENSG00000139515_LINE2371_PDX1_D_N2
-1.73	-1.18	-0.63	0.04	2.47	2.21	-0.29	-1.24	ENSG00000140836_LINE2374_ZFHX3_D_N1
-0.18	-0.36	-0.07	0.82	0.77	0.13	-0.61	-0.45	ENSG00000143032_LINE2380_BARHL2_D_N2
0.79	-0.78	-1.37	-2.62	-1.17	-0.16	2.22	2.31	ENSG00000143355_LINE2383_LHX9_D_N1
-1.17	-3.09	-1.06	-0.09	1.55	2.06	1.24	-1.03	ENSG00000143995_LINE2386_MEIS1_D_N2
-0.2	0.19	-0.15	0.82	2.01	0.17	-1.18	-1.56	ENSG00000144355_LINE2389_DLX1_D
0.29	-1.16	-1.72	-1.46	-0.22	-0.07	1.03	2.91	ENSG00000147421_LINE2390_HMBOX1_D
-2.22	-1.11	-0.67	1.42	2.45	1.12	-0.52	-1.77	ENSG00000148704_LINE2391_VAX1_D
-1.91	-1.57	-1.61	-1.21	0.41	1.19	1.89	1.57	ENSG00000151650_LINE2394_VENTX_D_N1
3.84	1.01	0.7	0.24	0.21	-0.88	-2.03	-1.08	ENSG00000152804_LINE2397_HHEX_I
-4.99	-1.72	1.01	1.98	2.28	1.83	-0.4	-1.93	ENSG00000153779_LINE2398_TGIF2LX_D
0.88	-0.15	-0.76	-1.34	0.23	-0.4	0.44	0.92	ENSG00000156150_LINE2400_ALX3_D_N2
-1.08	1.48	0.29	0.52	-1.99	-1.37	0.29	1.48	ENSG00000159184_LINE2403_HOXB13_D_N2
1.85	1.52	0.78	0.55	0.14	-1.09	-1.67	-0.4	ENSG00000159387_LINE2406_IRX6_I
0.26	-0.57	-0.56	-0.54	-0.13	0.39	0.47	0.7	ENSG00000159556_LINE2407_ISL2_D
-5.99	-3.32	-0.37	1.15	2.32	3.2	1.24	-1.13	ENSG00000160199_LINE2408_PKNOX1_D_N1
5.87	2.59	1.68	1.84	-0.83	-5.25	-2.27	-1.49	ENSG00000162624_LINE2410_LHX8_I
-2.19	-1.53	-1.15	-1.32	1.04	2.13	1.65	0.35	ENSG00000162761_LINE2411_LMX1A_D
2.39	-0.92	-2.15	-2.52	-0.3	-0.12	1.68	1.54	ENSG00000163064_LINE2413_EN1_D_N2
3.93	-0.5	-1.3	-1.67	-0.81	-0.88	0.9	1.78	ENSG00000163132_LINE2419_MSX1_D_N2
0.68	-2.65	-3.86	-4.62	-0.14	1.77	3.18	4.16	ENSG00000163623_LINE2421_NKX61_D
1.32	-0.17	-0.65	-1.28	-0.46	-1.09	0.64	1.57	ENSG00000163666_LINE2422_HESX1_D_N1
-10.1	-5.68	-2.89	-0.45	3.46	4.82	4.25	1.73	ENSG00000164093_LINE2428_PITX2_D
-2.15	-1.5	-1.29	-1.73	-0.86	1.09	2.62	2.01	ENSG00000164438_LINE2429_TLX3_I
-0.46	-0.59	-1	-0.83	0.29	0.38	1.04	0.46	ENSG00000164778_LINE2430_EN2_D_N2
-0.41	-1.24	-1.14	-0.65	1.19	1.11	0.71	0.2	ENSG00000164853_LINE2432_UNCX_D_N1
1.78	-0.71	-1.75	-1.93	0.27	-0.04	1.01	1.08	ENSG00000164900_LINE2434_GBX1_D
-0.22	-1.74	-1.79	-2.06	0.92	1.46	2.05	0.54	ENSG00000165066_LINE2435_NKX63_I
6.29	-1.67	-3.37	-4.33	-1.5	-0.16	2.69	2.94	ENSG00000165156_LINE2436_ZHX1_D
9.89	1.63	0.04	-0.72	-0.58	-3.32	-1.78	-1.1	ENSG00000165259_LINE2437_HDX_I
-1.71	-0.32	0.55	0.95	1.03	0.5	-0.79	-0.86	ENSG00000165462_LINE2438_PHOX2A_D
-6.07	-3.29	-0.8	0.6	2.73	3.19	1.22	-0.99	ENSG00000165495_LINE2439_PKNOX2_D
1.03	-0.2	-1.33	-0.5	0.11	0.67	0.06	0.77	ENSG00000165556_LINE2444_CDX2_D_N3
-3.16	-1.09	-0.37	0.41	1.92	1.5	-0.07	-0.31	ENSG00000165588_LINE2449_OTX2_D_N2
-2.02	0.79	1.89	1.76	0.68	-0.16	-1.46	-2.01	ENSG00000165606_LINE2451_DRGX_D
-2.18	-1.91	-1.1	0.11	1.4	2.02	1.15	-0.6	ENSG00000167034_LINE2454_NKX31_D_N3
14.42	3.93	-2.13	-5.4	-3.77	-5.92	1.29	1.16	ENSG00000167081_LINE2461_PBX3_D_N2
1.67	-0.91	-2.13	-3.17	-1.38	-0.39	2.4	2.72	ENSG00000167157_LINE2464_PRRX2_D_N2
1.73	-1.09	-1.92	-2.7	-0.19	-0.16	1.89	1.68	ENSG00000168505_LINE2466_GBX2_D_N2
0.79	-0.78	-1.37	-2.62	-1.17	-0.16	2.22	2.31	ENSG00000168779_LINE2469_SHOX2_D
-0.26	-1.84	-2.06	-1.92	1.31	1.3	1.44	0.44	ENSG00000169840_LINE2470_GSX1_D
1.54	2.18	1.23	0.08	0.55	-1.31	-2.11	-1.32	ENSG00000170166_LINE2471_HOXD4_D
-1.4	1.7	1.18	1.96	-0.14	-0.34	-1.63	-1.13	ENSG00000170178_LINE2472_HOXD12_D_N2
-1.34	-0.7	-0.33	0.81	2.3	0.76	-0.5	-1.22	ENSG00000170370_LINE2476_EMX2_D_N1
-0.89	-2.37	-1.63	-2.9	0.49	1.68	2.72	2.19	ENSG00000170549_LINE2478_IRX1_I
1.06	-2.89	-1.89	-2.28	1.1	2.11	2.16	0.44	ENSG00000170561_LINE2479_IRX2_D
-2.36	-0.85	-0.29	0.62	1.95	1.66	-0.68	-0.5	ENSG00000170577_LINE2480_SIX2_I
0.17	-0.4	-1.14	-0.9	-0.32	0.45	0.66	1.5	ENSG00000170689_LINE2481_HOXB9_I
-2.16	-0.84	0.41	1.59	2.46	0.98	-1.19	-1.88	ENSG00000171540_LINE2483_OTP_I
-0.39	-1.91	-1.09	-1.31	0.92	1.75	1.4	0.05	ENSG00000172789_LINE2485_AC0125311_I
-1.46	-0.97	-1.05	-0.79	1.26	1.2	0.68	0.24	ENSG00000173917_LINE2486_HOXB2_D
1.32	-0.93	-2.02	-2.93	-0.91	-0.04	2.24	2.25	ENSG00000173976_LINE2487_RAX2_D
-2.26	-0.04	0.51	1.85	2.19	0.32	-1.1	-1.9	ENSG00000174279_LINE2489_EVX2_D
-3.73	-0.66	0.08	1.01	1.46	0.7	0.03	-0.55	ENSG00000175325_LINE2492_PROP1_D_N2
1.67	-0.91	-2.13	-3.17	-1.38	-0.39	2.4	2.72	ENSG00000175329_LINE2496_ISX_D_N2
-12.13	-5.39	-2.67	-0.54	4.29	5.03	4.31	1.08	ENSG00000175879_LINE2498_HOXD8_D
-4.99	-1.72	1.01	1.98	2.28	1.83	-0.4	-1.93	ENSG00000176679_LINE2500_TGIF2LY_I
2.93	-2.06	-2.16	-3	-0.64	1.16	2.6	1.51	ENSG00000176842_LINE2501_IRX5_D
5.74	-0.22	-3.27	-6.93	-5.46	-3.42	4.03	7.9	ENSG00000177045_LINE2505_SIX5_D_N1
-1.36	-0.93	1.72	3.09	2.99	0.85	-2.19	-4.34	ENSG00000177426_LINE2507_TGIF1_D_N1
-0.89	-2.37	-1.63	-2.9	0.49	1.68	2.72	2.19	ENSG00000177508_LINE2511_IRX3_I
0.79	0.08	0.22	0.31	-0.55	-0.91	0.11	0.01	ENSG00000179528_LINE2514_LBX2_D_N1
-1.26	0.09	0.44	0.49	0.73	0.01	-0.45	-0.42	ENSG00000180053_LINE2516_NKX26_I
-1.38	0.96	1.63	1.72	0.22	-0.75	-1.63	-1.25	ENSG00000180318_LINE2519_ALX1_D_N2
0.17	-1.37	-1.32	-1.85	0.42	0.56	1.29	1.23	ENSG00000180613_LINE2520_GSX2_D
-1.06	-0.72	-0.59	1.64	1.81	0.86	-0.9	-1.52	ENSG00000180806_LINE2521_HOXC9_I
1.07	-0.62	-1.96	-1.67	0.15	0.66	1.03	1.58	ENSG00000180818_LINE2522_HOXC10_D_N2
-0.14	0.87	1.16	0.01	-0.86	-0.39	-0.06	-0.41	ENSG00000182742_LINE2525_HOXB4_I
-7.04	-6.29	-4.49	-2.78	2.86	5.1	5.49	2.07	ENSG00000183072_LINE2526_NKX25_D_N2
-3.79	-1.42	-0.17	1.33	4.38	1.49	-1.38	-2.66	ENSG00000184271_LINE2532_POU6F1_D_N2
-2.93	0.4	1.43	3.29	0.93	0.35	-1.79	-1.46	ENSG00000184302_LINE2534_SIX6_I
0.42	-0.4	-0.79	-2.29	-0.55	-0.1	1.39	1.69	ENSG00000185155_LINE2536_MIXL1_D
2.63	-0.09	-0.83	-0.61	1.3	0.72	-0.9	-0.71	ENSG00000185610_LINE2537_DBX2_I
3.5	-0.01	-1.73	-1.75	-2.2	-2.73	1.34	3.26	ENSG00000185630_LINE2538_PBX1_D_N4
0.79	-0.78	-1.37	-2.62	-1.17	-0.16	2.22	2.31	ENSG00000185960_LINE2546_SHOX_D_N2
1.25	0.44	0.46	-0.51	-0.98	-0.8	-0.03	0.84	ENSG00000188620_LINE2548_HMX3_D
1.45	0.19	-0.92	-2.4	-3.13	-0.92	2.16	3.83	ENSG00000188816_LINE2549_HMX2_D
3.04	-0.69	-2.21	-2.89	-1.65	-1.15	2.17	2.44	ENSG00000188909_LINE2550_BSX_D
-1.3	0.28	-0.03	0.47	2.37	0.72	-0.85	-1.35	ENSG00000197587_LINE2552_DMBX1_D
-0.26	-0.54	-1.44	-2.98	-2.78	-0.51	3.49	4.88	ENSG00000197757_LINE2553_HOXC6_D
-1	0.35	0.94	0.06	-0.56	0.13	0.11	-0.29	ENSG00000198353_LINE2554_HOXC5_I
5.1	0.89	-0.56	-2.49	-4.52	-1.96	1.78	3.72	ENSG00000204304_LINE2556_PBX2_D
1.71	1.06	1.9	2.43	-1.02	-3.18	-1.49	-0.46	ENSG00000204527_LINE2558_DUXA_D
-2.63	-0.27	0.62	0.98	1.02	-0.06	-0.3	-0.48	ENSG00000204595_LINE2559_DPRX_D_N2
5.1	0.89	-0.56	-2.49	-4.52	-1.96	1.78	3.72	ENSG00000206315_LINE2562_AL8454643_I
-2.25	-1.52	-0.82	-0.04	3.22	1.91	-0.15	-0.88	ENSG00000214513_LINE2565_NOTO_D
-0.33	0.37	-0.14	-0.69	-1.62	-0.16	1.03	1.78	ENSG00000215271_LINE2566_HOMEZ_D
0.68	-0.05	-0.36	-1.21	-1.47	-0.06	0.98	1.89	ENSG00000215612_LINE2567_HMX1_D
0.68	1.24	1.8	1.63	-1.71	-2.63	-1.05	0.31	ENSG00000215754_LINE2568_ENSG00000215754_I
0.68	1.24	1.8	1.63	-1.71	-2.63	-1.05	0.31	ENSG00000217642_LINE2569_ENSG00000217642_I
0.68	1.24	1.8	1.63	-1.71	-2.63	-1.05	0.31	ENSG00000224558_LINE2570_ENSG00000224558_I
5.1	0.89	-0.56	-2.49	-4.52	-1.96	1.78	3.72	ENSG00000224952_LINE2571_BX2846861_I
0.68	1.24	1.8	1.63	-1.71	-2.63	-1.05	0.31	ENSG00000225958_LINE2572_ENSG00000225958_I
5.1	0.89	-0.56	-2.49	-4.52	-1.96	1.78	3.72	ENSG00000225987_LINE2573_CR8124782_I
0.68	1.24	1.8	1.63	-1.71	-2.63	-1.05	0.31	ENSG00000226866_LINE2574_ENSG00000226866_I
-0.55	-2.6	-2.51	-2.47	-0.33	2	3.24	1.55	ENSG00000227059_LINE2575_AC2261502_D
0.68	1.24	1.8	1.63	-1.71	-2.63	-1.05	0.31	ENSG00000227476_LINE2576_DUX4L5_I
0.68	1.24	1.8	1.63	-1.71	-2.63	-1.05	0.31	ENSG00000227522_LINE2577_ENSG00000227522_I
0.68	1.24	1.8	1.63	-1.71	-2.63	-1.05	0.31	ENSG00000227904_LINE2578_DUX4L2_I
0.68	1.24	1.8	1.63	-1.71	-2.63	-1.05	0.31	ENSG00000228114_LINE2579_DUX4L3_I
0.68	1.24	1.8	1.63	-1.71	-2.63	-1.05	0.31	ENSG00000228188_LINE2580_DUX4L6_I
0.68	1.24	1.8	1.63	-1.71	-2.63	-1.05	0.31	ENSG00000228710_LINE2581_ENSG00000228710_I
3.4	1.37	-0.09	-0.37	-0.09	-0.83	-0.74	-0.82	ENSG00000229544_LINE2582_ENSG00000229544_I
0.68	1.24	1.8	1.63	-1.71	-2.63	-1.05	0.31	ENSG00000229617_LINE2583_CT4768282_I
0.68	1.24	1.8	1.63	-1.71	-2.63	-1.05	0.31	ENSG00000230380_LINE2584_ENSG00000230380_I
0.68	1.24	1.8	1.63	-1.71	-2.63	-1.05	0.31	ENSG00000230776_LINE2586_ENSG00000230776_I
0.68	1.24	1.8	1.63	-1.71	-2.63	-1.05	0.31	ENSG00000231089_LINE2587_AL5921702_I
5.1	0.89	-0.56	-2.49	-4.52	-1.96	1.78	3.72	ENSG00000232005_LINE2588_BX9272396_I
0.68	1.24	1.8	1.63	-1.71	-2.63	-1.05	0.31	ENSG00000232923_LINE2590_ENSG00000232923_I
0.68	1.24	1.8	1.63	-1.71	-2.63	-1.05	0.31	ENSG00000233294_LINE2591_ENSG00000233294_I
0.68	1.24	1.8	1.63	-1.71	-2.63	-1.05	0.31	ENSG00000233361_LINE2592_ENSG00000233361_I
0.68	1.24	1.8	1.63	-1.71	-2.63	-1.05	0.31	ENSG00000233698_LINE2593_ENSG00000233698_I
0.68	1.24	1.8	1.63	-1.71	-2.63	-1.05	0.31	ENSG00000233794_LINE2594_ENSG00000233794_I
0.43	-0.67	0.88	2.17	2.46	0.22	-1.14	-3.61	ENSG00000234254_LINE2595_ENSG00000234254_I
0.68	1.24	1.8	1.63	-1.71	-2.63	-1.05	0.31	ENSG00000234550_LINE2596_ENSG00000234550_I
2.44	0.33	-0.66	-0.37	0.51	-0.37	-0.83	-0.34	ENSG00000235608_LINE2597_NKX11_I
0.68	1.24	1.8	1.63	-1.71	-2.63	-1.05	0.31	ENSG00000236207_LINE2598_ENSG00000236207_I
5.1	0.89	-0.56	-2.49	-4.52	-1.96	1.78	3.72	ENSG00000236353_LINE2599_CR9338788_I
5.1	0.89	-0.56	-2.49	-4.52	-1.96	1.78	3.72	ENSG00000237344_LINE2600_AL6628305_I
0.68	1.24	1.8	1.63	-1.71	-2.63	-1.05	0.31	ENSG00000237516_LINE2601_ENSG00000237516_I
0.68	1.24	1.8	1.63	-1.71	-2.63	-1.05	0.31	ENSG00000250589_LINE2602_ENSG00000250589_I
0.68	1.24	1.8	1.63	-1.71	-2.63	-1.05	0.31	ENSG00000260596_LINE2603_DUX4_D
0.47	-1.36	-1.79	-3.08	-1.16	0.97	2.72	1.99	ENSG00000007372_LINE2605_PAX6_D_N3
-1.34	-0.46	-0.22	-0.17	-0.01	1.07	0.43	0.29	ENSG00000009709_LINE2611_PAX7_D_N2
0.41	-2.7	-2.61	-3.19	-0.49	1.44	3.01	2.68	ENSG00000075891_LINE2612_PAX2_D_N1
-2.06	-0.99	-1.07	-1.89	0.64	1.99	1.53	1.17	ENSG00000106331_LINE2623_PAX4_D_N2
2.04	-0.16	-1.88	-3.14	-2.1	-0.02	2.06	2.51	ENSG00000135903_LINE2625_PAX3_D_N1
2.57	0.34	-1.1	-0.63	0.22	0.1	0.13	-0.42	ENSG00000028277_LINE2631_POU2F2_D_N7
0	-1.07	-0.35	0.21	2.23	0.8	-0.37	-1.53	ENSG00000064835_LINE2641_POU1F1_D_N1
-2.27	-3.34	-1.48	-0.15	3.11	2.31	1.2	-1	ENSG00000091010_LINE2645_POU4F3_D
-0.42	-0.3	0.75	1.67	2.67	0.36	-2.29	-3.11	ENSG00000106536_LINE2646_POU6F2_D_N2
2.09	1	-0.25	-0.35	-0.23	-0.36	-0.64	-0.07	ENSG00000137709_LINE2649_POU2F3_D_N1
2.4	-0.12	-1.55	-0.92	0.61	0.6	-0.13	0.36	ENSG00000143190_LINE2665_POU2F1_D_N5
-2.48	-2.79	-1.46	-0.29	2.72	1.52	1.18	-0.11	ENSG00000151615_LINE2669_POU4F2_D_N2
-1.76	-1.54	-0.32	-0.25	1.48	1.36	0.91	-1.03	ENSG00000152192_LINE2674_POU4F1_D
0.78	-1.69	-2.22	-1.74	1.35	1.56	1.27	0.36	ENSG00000184486_LINE2675_POU3F2_D_N1
-0.94	-2.56	-2.49	-2.11	2.28	2.27	1.63	1.51	ENSG00000185668_LINE2682_POU3F1_D_N1
2.33	1.09	-0.15	0.58	0.13	-0.53	-1.1	-0.81	ENSG00000196767_LINE2686_POU3F4_D_N1
0.9	-1	-1.88	-1.34	1.37	1.05	0.23	1	ENSG00000198914_LINE2689_POU3F3_D_N1
1.96	1.22	1	2.55	1.56	-0.9	-3.46	-2.75	ENSG00000204531_LINE2693_POU5F1_D_N2
2.59	1.2	-0.3	-0.56	-0.59	-0.52	-0.48	0.07	ENSG00000212993_LINE2696_POU5F1B_D_N1
1.87	-4.07	-4.33	-5.31	0.05	1.93	3.79	4.09	ENSG00000025156_LINE2707_HSF2_D_N2
2.4	-2.71	-3.26	-4.08	0.8	1.2	1.69	2.91	ENSG00000102878_LINE2709_HSF4_D
0.18	-0.53	-1.02	-0.83	0.11	-0.07	0.27	1.46	ENSG00000169953_LINE2710_HSFY2_D_N2
0.18	-0.53	-1.02	-0.83	0.11	-0.07	0.27	1.46	ENSG00000172468_LINE2715_HSFY1_I
2.03	-4.07	-4.41	-5.42	0.26	2.45	3.48	3.73	ENSG00000185122_LINE2726_HSF1_D_N4
2.41	-1.56	-2.62	-3.31	0.44	1.4	1.62	1.46	ENSG00000117595_LINE2728_IRF6_I
10.07	-5.58	-9.42	-11.36	-2.1	4.33	8.07	7.75	ENSG00000125347_LINE2729_IRF1_D_N2
10.99	-5.21	-9.04	-9.77	0.02	3.39	6.4	6.15	ENSG00000126456_LINE2737_IRF3_D_N1
4.49	-1.57	-4.25	-5.59	-0.82	1.93	3.67	3.42	ENSG00000128604_LINE2740_IRF5_D_N1
8.76	1.25	-1.15	-7.4	-6.91	-0.66	3.99	3.15	ENSG00000137265_LINE2747_IRF4_D_N1
4.5	-7.35	-10.3	-11.07	0.49	6.64	9.67	7.52	ENSG00000140968_LINE2752_IRF8_D_N2
3.38	-6.82	-11.12	-10.97	-0.25	6.47	8.85	7.35	ENSG00000168310_LINE2755_IRF2_D_N2
3.28	-5.77	-9.28	-8	0.68	5.01	6.01	4.86	ENSG00000185507_LINE2759_IRF7_D_N1
3.29	-8.62	-10.63	-11.86	0.64	6.17	10.89	8.19	ENSG00000213928_LINE2765_IRF9_D_N1
10.88	-1.12	-2.93	-4.02	-2.77	-1.21	2.26	2.58	ENSG00000171169_LINE2768_NAIF1_I
-2.44	-2.45	-3.03	-1.95	1.84	2.91	2.15	1.07	ENSG00000064489_LINE2769_AC0021266_I
-0.61	-1.31	-2.7	-2.69	2.08	2.23	0.92	0.65	ENSG00000068305_LINE2786_MEF2A_D_N8
-0.76	-2.05	-3.96	-4.17	0.97	2.67	4.04	2.51	ENSG00000081189_LINE2787_MEF2C_D_N3
1.44	-1.23	-1.72	-0.73	-0.01	-0.35	0.58	1.49	ENSG00000112658_LINE2806_SRF_D_N9
-2.9	-0.27	-1.36	-1.24	1.46	1.18	1.06	0.68	ENSG00000116604_LINE2813_MEF2D_D_N2
-2.44	-2.45	-3.03	-1.95	1.84	2.91	2.15	1.07	ENSG00000213999_LINE2814_MEF2B_D
6.35	-0.36	-3.08	-3.68	-0.65	-0.02	0.58	2.35	ENSG00000134046_LINE2819_MBD2_D
1.98	0.46	-0.81	-1.7	-1.76	-0.14	1.38	0.97	ENSG00000169057_LINE2826_MECP2_D
1.96	0.44	0.4	1.72	1.61	-1.48	-2.68	-1.07	ENSG00000096401_LINE2834_CDC5L_D_N2
4.32	1.96	0.94	0.65	-1.06	-1.55	-1.63	-1.02	ENSG00000101057_LINE2835_MYBL2_D_N1
0.15	4.33	6.1	6.98	-3.29	-4.06	-4.38	-2.35	ENSG00000118513_LINE2848_MYB_D_N2
-0.52	0.24	-0.09	-0.5	0.14	-0.07	0.05	0.48	ENSG00000132604_LINE2851_TERF2_I
4.19	0.22	-1.93	-4.74	-5.34	-3.17	2.46	6.5	ENSG00000139613_LINE2855_SMARCC2_D
-0.62	0.75	3.85	-11.49	-28.02	-4.98	14.6	22.68	ENSG00000173473_LINE2867_SMARCC1_D_N2
6.71	0.52	-1.95	-3.63	-0.29	-0.4	0.04	0.76	ENSG00000176182_LINE2869_MYPOP_I
3.98	5.11	3.57	1.08	-4.28	-3.47	-1.51	-1.34	ENSG00000185697_LINE2870_MYBL1_D_N1
-1.63	-2.19	-1.62	-0.35	1.81	2.66	0.95	-0.89	ENSG00000124920_LINE2878_C11orf9_D
-1.46	-0.69	0.25	-0.12	-1.66	0.39	0.48	1.93	ENSG00000012504_LINE2885_NR1H4_D
1.42	0.67	0.02	-0.22	-2.54	-1.14	0.57	2.2	ENSG00000025434_LINE2886_NR1H3_I
-0.85	-1.77	-1.37	-1.08	-0.74	1.27	2.63	1.61	ENSG00000031544_LINE2888_NR2E3_D
0.07	0.9	1.38	2.13	-1.55	-1.24	-0.99	-0.19	ENSG00000069667_LINE2896_RORA_D_N5
-2.21	-0.7	0.11	-0.39	-0.93	0.94	1	1.56	ENSG00000077092_LINE2898_RARB_D_N1
0.2	4.63	5.35	4.78	-1.97	-3.07	-4.58	-3.43	ENSG00000082175_LINE2903_PGR_D_N1
-3.89	-1.14	1.38	-0.18	-3.44	1.97	2.28	1.14	ENSG00000091831_LINE2916_ESR1_D_N4
-3.16	0.46	2.76	4.24	-2.55	-0.85	-0.22	-0.63	ENSG00000101076_LINE2936_HNF4A_D_N7
-0.08	-0.78	-0.28	0.09	-1.07	0.49	0.97	0.33	ENSG00000111424_LINE2940_VDR_D_N1
-1.58	-0.21	1.27	1.35	-1.84	0.37	0.72	-0.91	ENSG00000112033_LINE2943_PPARD_D
-0.43	1.55	2.97	1.95	-4.36	-2.27	0.55	0.59	ENSG00000112333_LINE2944_NR2E1_D_N1
0.65	3.19	4.27	4.39	-0.51	-3.08	-4.26	-3	ENSG00000113580_LINE2958_NR3C1_D_N3
-2.47	2.75	3.78	3.3	-2.15	-1.51	-1.79	-1.76	ENSG00000116833_LINE2964_NR5A2_D
-0.98	2.66	4.86	4	-3.1	-2.01	-2.22	-1.84	ENSG00000119508_LINE2965_NR4A3_D
-3.76	0.77	2.74	3.15	-2.4	-1.39	-0.2	-0.15	ENSG00000119715_LINE2968_ESRRB_D_N2
1.11	1.97	3.28	2.77	-6.04	-2.69	-0.46	0.24	ENSG00000120798_LINE2970_NR2C1_D
-0.74	3.29	5.46	5.08	-4.39	-4.48	-2.32	-0.64	ENSG00000123358_LINE2973_NR4A1_D
-2	-2.75	-1.19	0.59	1.5	2.47	1.05	-0.74	ENSG00000126351_LINE2975_THRA_D_N1
-2.1	0.44	1.01	1.13	-0.72	0.12	0.18	-0.21	ENSG00000126368_LINE2979_NR1D1_D
1.42	0.67	0.02	-0.22	-2.54	-1.14	0.57	2.2	ENSG00000131408_LINE2980_NR1H2_D
2.89	4.14	5.49	3.9	-4.26	-4.51	-3.41	-1.33	ENSG00000131759_LINE2987_RARA_D_N3
-1.91	-0.38	0.98	0.95	0.23	0.8	-0.09	-1.05	ENSG00000132170_LINE2990_PPARG_D_N2
-3.27	1.62	3.63	3.94	-2.41	-1.48	-0.82	-1.22	ENSG00000136931_LINE3001_NR5A1_D
-2.64	-0.66	1.84	0.72	-2.16	1.28	1.12	-0.29	ENSG00000140009_LINE3002_ESR2_D_N2
0.16	1.26	1.46	1.51	-3.86	-1.82	0.23	1.17	ENSG00000143171_LINE3007_RXRG_D_N3
-2.02	-0.49	1.2	2.13	-1.27	-0.6	0.17	0.03	ENSG00000143257_LINE3012_NR1I3_D_N1
0.87	2.71	2.37	0.88	-2.97	-1.31	-0.65	0.02	ENSG00000143365_LINE3014_RORC_D
-2.72	-1.14	0.39	1.55	-2.12	-0.41	1.69	1.02	ENSG00000144852_LINE3015_NR1I2_D_N1
-4.41	-0.28	0.96	0.38	-1.9	0.63	1.21	1.44	ENSG00000148200_LINE3017_NR6A1_D_N2
-3.24	-2.11	0.29	2.26	1.75	1.86	-0.65	-1.31	ENSG00000151090_LINE3021_THRB_D_N1
-2.31	-1.12	-0.35	0.13	1.49	1	0.1	0.32	ENSG00000151623_LINE3026_NR3C2_D_N1
3.25	2.87	2.59	0.83	-2.5	-2.66	-1.26	-0.8	ENSG00000153234_LINE3032_NR4A2_D_N2
0.78	0.98	1.16	1.31	-4.6	-2.07	0.87	1.93	ENSG00000160113_LINE3037_NR2F6_D_N2
-2.03	0.71	2.32	3.08	-1.49	-0.07	-0.24	-1.16	ENSG00000164749_LINE3040_HNF4G_D_N1
1.74	1.31	1.27	1.44	0.56	-0.5	-2.64	-1.79	ENSG00000169083_LINE3053_AR_D_N3
1.62	-0.08	0.02	-0.89	-4.09	-1.13	1.4	2.29	ENSG00000172819_LINE3056_RARG_D_N2
-4.41	0.45	2.08	1.93	-1.87	-0.54	0.46	0.51	ENSG00000173153_LINE3073_ESRRA_D_N4
-0.46	1.36	2.41	2.32	-4.83	-1.34	0.31	0.28	ENSG00000175745_LINE3087_NR2F1_D_N4
6.73	-2.21	-4.84	-7.58	-5.74	-2.52	6.61	6.72	ENSG00000177463_LINE3097_NR2C2_D_N4
1.09	4.38	6.23	5.42	-5.25	-5.04	-3.21	-1.84	ENSG00000185551_LINE3106_NR2F2_D_N2
0.13	0.76	0.95	1.31	-3.65	-1.62	0.58	1.43	ENSG00000186350_LINE3116_RXRA_D_N3
-2.38	-1.87	-0.73	-0.48	-0.59	1.9	2.08	0.59	ENSG00000186951_LINE3121_PPARA_D_N1
-3.58	1.26	3.14	3.22	-1.86	-1.32	-0.93	-0.54	ENSG00000196482_LINE3129_ESRRG_D_N2
0.45	1.25	1.42	1.42	-4.18	-2.05	0.56	1.41	ENSG00000204231_LINE3132_RXRB_D_N1
3.8	2.06	2.45	1.14	-3.09	-2.13	-1.25	-0.49	ENSG00000206289_LINE3134_AL8445277_I
3.8	2.06	2.45	1.14	-3.09	-2.13	-1.25	-0.49	ENSG00000227322_LINE3135_AL6628245_I
3.8	2.06	2.45	1.14	-3.09	-2.13	-1.25	-0.49	ENSG00000228333_LINE3136_CR7597334_I
3.8	2.06	2.45	1.14	-3.09	-2.13	-1.25	-0.49	ENSG00000231321_LINE3137_CR3545653_I
3.8	2.06	2.45	1.14	-3.09	-2.13	-1.25	-0.49	ENSG00000235712_LINE3138_CR9368773_I
-7.15	-0.59	2.88	3.24	-2.11	0.08	0.84	-0.32	ENSG00000073282_LINE3139_TP63_D_N1
-5.95	0.26	3	3.63	0.52	1.4	-1.1	-2.46	ENSG00000078900_LINE3145_TP73_D_N2
-4.35	-0.72	1.19	1.17	-1.28	0.04	0.99	0.92	ENSG00000141510_LINE3149_TP53_D_N2
1.37	0.47	-0.42	-1.14	-1.6	-0.4	0.89	0.72	ENSG00000125618_LINE3159_PAX8_D
-0.04	-1.98	-2.1	-3.35	-1.6	0.61	3.01	2.86	ENSG00000125813_LINE3161_PAX1_D
-0.69	0.26	-0.5	-1.52	-2.74	0.03	2.27	1.89	ENSG00000196092_LINE3170_PAX5_D_N8
-0.78	-1.6	-1.77	-2.86	-2.34	0.59	3.58	3.09	ENSG00000198807_LINE3179_PAX9_D
-2	-1.97	-2.41	-1.6	1.43	1.13	1.94	1.94	ENSG00000196233_LINE3181_LCOR_I
1.19	-0.58	-1.45	-2.09	0.08	0.65	0.95	1.28	ENSG00000117707_LINE3183_PROX1_D
4.62	4.45	0.89	-1.9	-2.01	-2.67	-1.19	0.16	ENSG00000072736_LINE3185_NFATC3_D_N2
0.36	-1.11	-0.11	1.39	1.17	0.33	-1.42	-0.05	ENSG00000077150_LINE3188_NFKB2_D_N1
-0.17	-0.32	-2.52	-3.9	-0.22	1.31	2.1	3.09	ENSG00000100968_LINE3191_NFATC4_D
5.08	4.14	1.16	-1.25	-2.26	-2.53	-1.16	-0.07	ENSG00000101096_LINE3192_NFATC2_D_N2
1.49	1.41	-0.19	-1.77	-0.91	-0.51	-0.15	1.38	ENSG00000102908_LINE3198_NFAT5_D_N1
0.2	-0.05	0.42	0.77	-1.5	-2.09	-0.41	1.82	ENSG00000104856_LINE3201_RELB_D
3.88	0.23	-0.46	-0.08	0.04	-2.04	-2	1.44	ENSG00000109320_LINE3202_NFKB1_D_N3
2.62	1.17	-1.55	-2.66	-1.2	-0.74	0.82	1.83	ENSG00000131196_LINE3211_NFATC1_D_N1
2.16	-0.52	-1.69	-1.48	-0.42	-1.42	-0.12	3.13	ENSG00000162924_LINE3217_REL_D_N3
1.13	-0.04	0.66	1.55	0.28	-1.8	-2.26	0.88	ENSG00000173039_LINE3227_RELA_D_N13
8.61	2.85	1.49	-1.63	-5.26	-6.12	0.18	0.97	ENSG00000080298_LINE3238_RFX3_D_N2
7.29	3.4	2.26	-0.77	-3.86	-5.44	-0.6	0.08	ENSG00000087903_LINE3242_RFX2_D_N2
6.75	2.59	1.67	-1.31	-4.57	-5.33	0.5	0.63	ENSG00000111783_LINE3246_RFX4_D_N1
1.77	-0.55	0.18	-0.54	-0.64	-1.2	0.09	0.72	ENSG00000132005_LINE3249_RFX1_D_N1
2.53	2.01	1.57	0.09	-1.78	-2.45	-0.32	-0.28	ENSG00000143390_LINE3258_RFX5_D_N5
5.02	1.46	0.51	-1.4	-1.53	-3.28	0.44	0.03	ENSG00000181827_LINE3264_RFX7_I
0.77	0.1	-0.68	-2.91	-1.66	-0.67	2.64	1.69	ENSG00000185002_LINE3265_RFX6_I
4.58	1.8	1.04	-0.91	-2.51	-2.92	0.41	0.07	ENSG00000196460_LINE3266_RFX8_I
30.71	30.3	19.5	2.83	-17.76	-25.24	-13.27	-8.87	ENSG00000020633_LINE3271_RUNX3_D_N2
27.36	35.24	24	4.1	-16.9	-19.39	-18.22	-13	ENSG00000124813_LINE3275_RUNX2_D_N2
36.17	28.4	21.61	4.76	-19.99	-20.23	-16.66	-13.16	ENSG00000159216_LINE3282_RUNX1_D_N2
27.36	35.24	24	4.1	-16.9	-19.39	-18.22	-13	ENSG00000250096_LINE3288_ENSG00000250096_I
11.22	-0.06	-2.81	-3.95	-2.46	-0.77	1.38	1.88	ENSG00000101216_LINE3291_GMEB2_D_N2
3.63	2.91	1.57	-0.46	-1.28	-2.07	-1.41	-0.6	ENSG00000160224_LINE3298_AIRE_D
2.68	-0.07	-2.39	-4.13	-1.75	-1.17	2.1	2.62	ENSG00000162419_LINE3299_GMEB1_D
-18.94	-1.78	4.57	3.56	-2.24	-0.5	1.31	2.78	ENSG00000008441_LINE3303_NFIX_D_N2
-4.37	2.65	4.77	6.09	2.92	-1.43	-5.02	-4.92	ENSG00000141646_LINE3314_SMAD4_D
-10.87	-3.59	2.65	5.26	2.31	0.68	1	-1.75	ENSG00000141905_LINE3315_NFIC_D
-15.77	-2.96	3.48	2.72	-2.65	-0.28	3	3.86	ENSG00000147862_LINE3318_NFIB_D
-15.32	-2.76	3.39	2.4	-2.84	-0.33	3.27	3.94	ENSG00000162599_LINE3320_NFIA_D_N1
0.45	0.33	0.09	0.5	0.9	0.44	-0.61	-1.83	ENSG00000166949_LINE3324_SMAD3_D_N1
-5.27	2.2	5.21	6.92	3.65	0.35	-4.14	-7.02	ENSG00000170365_LINE3328_SMAD1_D
-4.55	1.37	3.25	4.36	1.76	-1.25	-2.98	-3.15	ENSG00000175387_LINE3330_SMAD2_D
-1.69	-0.65	0.15	0.03	-0.4	-0.03	0.56	0.61	ENSG00000005513_LINE3332_SOX8_D_N2
4.29	7.67	7.41	4.48	-4.49	-7.29	-6.52	-2.7	ENSG00000039600_LINE3341_SOX30_I
-2.25	-0.19	-0.33	0.58	1.15	1.42	-0.63	-0.15	ENSG00000064961_LINE3344_HMG20B_I
-1.95	-4.53	-4.75	-7.84	-3.76	3.8	8.42	7.31	ENSG00000079432_LINE3346_CIC_I
3.41	6.07	5.87	6.38	-2.52	-6.68	-6.51	-3.18	ENSG00000081059_LINE3348_TCF7_D
3.01	2.45	2.31	1.56	-1.36	-2.3	-2.66	-1.58	ENSG00000100146_LINE3352_SOX10_D_N1
-0.61	2.04	2.33	1.64	-2.16	-1.74	-0.98	-0.7	ENSG00000105856_LINE3361_HBP1_D
1.21	-0.47	-0.62	-0.56	-1.56	-0.09	1.35	0.67	ENSG00000114439_LINE3367_BBX_I
5.21	12.29	12.09	8.81	-7.86	-11.34	-9.31	-4.35	ENSG00000124766_LINE3370_SOX4_D_N1
2.57	2.59	2.98	2.4	-2.71	-3.44	-2.4	-0.63	ENSG00000125285_LINE3375_SOX21_D_N1
4.49	9.09	9.34	6.59	-6.24	-9.09	-8.21	-4.02	ENSG00000125398_LINE3380_SOX9_D_N4
3.07	4.64	4.21	2.67	-4.2	-5.92	-2.85	0.57	ENSG00000129194_LINE3392_SOX15_D_N1
3.01	11.46	11.9	8.39	-6.71	-10.11	-9.04	-5.1	ENSG00000134532_LINE3398_SOX5_D_N2
1.93	6.5	6.81	4.43	-4.92	-6.59	-5.29	-1.86	ENSG00000134595_LINE3399_SOX3_I
0.03	0.49	0.47	0.45	-0.58	-0.23	-0.22	-0.2	ENSG00000138795_LINE3404_LEF1_D_N1
3.29	10.09	11.37	9.21	-5.9	-9.57	-9.7	-5.31	ENSG00000143842_LINE3408_SOX13_D
2.36	4.56	4.56	5.46	-1.24	-4.19	-4.61	-3.89	ENSG00000148737_LINE3416_TCF7L2_D_N2
-0.42	1.97	2.24	2.09	-1.34	-0.97	-1.25	-1.23	ENSG00000152284_LINE3420_TCF7L1_D
3.87	5.74	4.62	3.37	-2.25	-6.07	-4.7	-2.36	ENSG00000164736_LINE3425_SOX17_D
2.6	3.49	3.51	2.17	-2.26	-3.21	-2.32	-0.8	ENSG00000168875_LINE3427_SOX14_D_N1
1.32	4.42	4.55	4.4	-1.24	-3.4	-4.41	-2.64	ENSG00000171056_LINE3431_SOX7_D_N1
3.72	7.5	7.84	6.07	-5.26	-7.57	-7.36	-3.01	ENSG00000176887_LINE3434_SOX11_I
5.18	11.96	11.45	8.63	-5.66	-10.57	-12.51	-5.52	ENSG00000177732_LINE3435_SOX12_I
1.98	4.31	4.3	3.38	-2.99	-5.53	-3.75	-0.61	ENSG00000181449_LINE3441_SOX2_D_N2
-1.17	-1.36	-0.27	-0.61	-0.09	-0.14	1.31	1.68	ENSG00000182968_LINE3445_SOX1_I
-0.29	6.54	8	5.54	-5.69	-8.1	-4.63	-0.2	ENSG00000184895_LINE3448_SRY_D_N3
3.39	3.28	3.98	3.25	-2.57	-4.28	-3.92	-1.46	ENSG00000203883_LINE3459_SOX18_D_N1
0.71	0.68	1.72	5.37	1.29	-1.43	-4.16	-2.09	ENSG00000115415_LINE3479_STAT1_D_N6
-2.86	0.62	2.67	7.86	3.88	-0.21	-6.08	-5.3	ENSG00000126561_LINE3481_STAT5A_D_N2
3.68	2.18	0.46	-1.05	-3.62	-2.22	-0.05	2.43	ENSG00000138378_LINE3487_STAT4_D_N1
12.78	5.48	0.37	-1.51	-2.59	-3.35	-2.8	-0.85	ENSG00000166888_LINE3492_STAT6_D_N1
-1.14	0.39	1.36	4.74	1.62	-0.96	-3.48	-1.29	ENSG00000168610_LINE3506_STAT3_D_N5
15.81	-2.31	-8.4	-9.65	-1.74	1.23	4.84	4.91	ENSG00000170581_LINE3510_STAT2_D_N2
-2.73	0.71	3.29	8.71	5.22	0.08	-7.07	-7.36	ENSG00000173757_LINE3511_STAT5B_D_N2
-0.03	-2.25	-3.11	-3.45	-0.31	3.44	4.17	1.16	ENSG00000073861_LINE3513_TBX21_D_N2
-9.99	-5.55	-3.03	-1.93	4.14	8.36	3.4	0.76	ENSG00000089225_LINE3523_TBX5_D_N2
-0.32	-2.01	-1.9	-1.94	0.11	2.41	2.06	1.56	ENSG00000092607_LINE3528_TBX15_D_N1
-4.18	-3.46	-2.09	-2.2	0.29	2.96	4.36	1.75	ENSG00000121068_LINE3532_TBX2_D_N1
-9.99	-5.55	-3.03	-1.93	4.14	8.36	3.4	0.76	ENSG00000121075_LINE3535_TBX4_D_N1
-3.85	-1.14	-0.04	1.25	3.69	2.26	-0.1	-2.05	ENSG00000135111_LINE3538_TBX3_D
-2.51	-2.95	-3.19	-1.86	3.56	3.61	2.12	-0.01	ENSG00000136535_LINE3540_TBR1_D_N2
-1.07	-2.81	-2.26	-1.18	2.76	3.62	1.2	-1.68	ENSG00000143178_LINE3541_TBX19_D
-3.71	-3.23	-2.37	-0.83	4.02	4.84	1.54	-1.33	ENSG00000163508_LINE3544_EOMES_D_N1
-0.85	-0.7	-0.28	-1.01	-0.64	1.17	1.08	0.85	ENSG00000164458_LINE3548_T_D_N2
-5.42	-1.11	0.26	0	0.85	2.49	1.11	-0.27	ENSG00000164532_LINE3549_TBX20_D_N2
-4.86	-3.62	-2.23	-1.42	1.48	3.73	2.72	1.16	ENSG00000167800_LINE3554_TBX10_I
-4.01	-2.38	-1.73	-0.89	2.09	1.66	1.92	0.7	ENSG00000184058_LINE3555_TBX1_D_N1
-0.27	-0.16	-1.27	-0.53	2.61	1.09	-1.25	-0.32	ENSG00000112592_LINE3569_TBP_D_N2
-2.76	-3.97	-4.27	-2.79	1.58	3.71	3.12	2.27	ENSG00000182521_LINE3570_TBPL2_I
-5.66	-2.19	-1.03	0.61	1.26	0.77	1.38	1.73	ENSG00000007866_LINE3572_TEAD3_D_N1
-3.35	-0.72	0.02	0.95	0.34	-0.4	-0.05	1.3	ENSG00000187079_LINE3576_TEAD1_D_N3
-5.69	-0.78	0.36	2.52	2.22	-0.32	-1.22	0.14	ENSG00000197905_LINE3584_TEAD4_D_N1
1.89	3.08	2.75	2.2	-1.5	-0.9	-2.47	-2.97	ENSG00000131931_LINE3588_THAP1_D_N1
-2.94	0.09	0.35	1.69	1.35	-0.67	-1.3	0.41	ENSG00000137492_LINE3592_PRKRIR_D
13.86	3.37	-1.66	-3.88	-3.74	-5.14	1.17	1.05	ENSG00000066136_LINE3604_NFYC_D
31.39	28.4	18.41	3.48	-18.49	-20.22	-15.63	-10.07	ENSG00000067955_LINE3606_CBFB_D
-2.85	0.78	1.74	2.85	2.5	-0.28	-2.34	-2.9	ENSG00000071794_LINE3610_HLTF_D
-2.48	0.75	2.62	2.41	-2.37	-2.23	1.15	-0.35	ENSG00000074800_LINE3611_ENO1_D
-0.95	-0.02	0.38	0.19	2.04	1.1	-1.37	-0.93	ENSG00000100393_LINE3625_EP300_D
6.93	-7.54	-11.72	-9.49	-0.44	0.8	9.1	6.65	ENSG00000106459_LINE3634_NRF1_D_N3
14.32	2.87	-2.79	-6.08	-3.92	-4.72	2.78	2.2	ENSG00000115816_LINE3645_CEBPZ_D
16.17	3.88	-3.49	-6.62	-4.33	-6.2	2.09	2.26	ENSG00000120837_LINE3650_NFYB_D_N2
-7.47	-5.48	-1	0.62	2.53	6.72	3.15	-0.25	ENSG00000135363_LINE3654_LMO2_D_N1
-2.04	3.25	2.03	-2.87	-5.02	-3.05	2.79	4.08	ENSG00000162613_LINE3668_FUBP1_D
-2.07	1.29	1.54	1.36	1	-0.6	-1.71	-0.87	ENSG00000164299_LINE3669_SPZ1_D_N1
3.11	1.45	0.5	-0.82	0.8	-2.12	-1.27	-0.64	ENSG00000169297_LINE3679_NR0B1_D
2.72	3	0.69	-3.4	-4.63	-2.1	2.48	4.13	ENSG00000171634_LINE3685_BPTF_D_N1
-0.13	2.04	1.88	2.16	0.81	-2.38	-2.02	-1.4	ENSG00000185129_LINE3691_PURA_D
-12.9	-7.87	-4.63	-3.45	3.06	6.24	8.83	2.78	ENSG00000197579_LINE3699_TOPORS_D
-5.46	0.17	0.49	1.43	1.57	0.6	-0.55	-0.82	ENSG00000214575_LINE3701_CPEB1_D
1.38	-1.42	-1.93	-1.55	-0.54	-0.8	1.19	1.96	ENSG00000214717_LINE3702_ZBED1_D
2.41	2.89	1.88	-0.27	-1.81	-2.03	-0.89	-0.23	ENSG00000256683_LINE3706_ZNF350_D
-0.23	-1.24	0.9	1.29	2.01	1.32	-0.31	-3	ENSG00000104903_LINE202_LYL1_I_N4
0.41	-1.98	-1.89	-1.68	0.45	0.68	1.43	0.85	ENSG00000120669_LINE260_SOHLH2_I
-2.67	-1.01	0.07	2.32	2.95	0.4	-0.93	-2.13	ENSG00000123307_LINE291_NEUROD4_I_N7
-2.67	-1.01	0.07	2.32	2.95	0.4	-0.93	-2.13	ENSG00000164600_LINE428_NEUROD6_I_N7
-3.09	-0.9	2.36	5.79	7.59	1.73	-5.44	-8.62	ENSG00000186051_LINE511_TAL2_I_N1
0.41	-1.98	-1.89	-1.68	0.45	0.68	1.43	0.85	ENSG00000250709_LINE562_C13orf38SOHLH2_I
1.49	-0.45	-0.25	0.46	0.44	-0.84	-1.01	0.53	ENSG00000127124_LINE1225_HIVEP3_I_N1
27.94	3.46	-7.04	-10.51	-5.41	-4.42	-0.07	2.06	ENSG00000127152_LINE1229_BCL11B_I
3.98	2.02	0.69	0.47	-3.39	-4.56	-0.03	1.3	ENSG00000155090_LINE1360_KLF10_I
-2.09	-3.01	-3.51	-3.48	-0.71	2.68	4.18	3.67	ENSG00000006047_LINE2211_YBX2_I_N1
-2.09	-3.01	-3.51	-3.48	-0.71	2.68	4.18	3.67	ENSG00000060138_LINE2216_CSDA_I_N1
-9.6	-13.94	-12.32	-11.94	-5.87	5.83	18.53	17.92	ENSG00000053254_LINE2536_FOXN3_I_N9
-9.16	-15.93	-15.41	-16.53	-8.75	8.89	24.21	21.59	ENSG00000170122_LINE2821_FOXD4_I_N50
-9.16	-15.93	-15.41	-16.53	-8.75	8.89	24.21	21.59	ENSG00000184492_LINE3262_FOXD4L1_I_N53
-8.44	-15.44	-15.45	-16.21	-9.07	8.42	24	21.23	ENSG00000187559_LINE3779_FOXD4L3_I_N47
-8.44	-15.44	-15.45	-16.21	-9.07	8.42	24	21.23	ENSG00000204779_LINE4053_FOXD4L5_I_N47
-8.44	-15.44	-15.45	-16.21	-9.07	8.42	24	21.23	ENSG00000204793_LINE4190_FOXD4L6_I_N47
0.18	-1.98	-0.74	0.09	0.77	-0.28	0.02	0.5	ENSG00000176654_LINE5444_NANOGP1_I_N1
2.07	1.54	1.51	1.71	0.54	-1.01	-2.28	-3.1	ENSG00000206454_LINE6122_AL7735441_I_N5
2.07	1.54	1.51	1.71	0.54	-1.01	-2.28	-3.1	ENSG00000229094_LINE6138_CR3882292_I_N5
2.07	1.54	1.51	1.71	0.54	-1.01	-2.28	-3.1	ENSG00000233911_LINE6155_AL6628334_I_N5
2.07	1.54	1.51	1.71	0.54	-1.01	-2.28	-3.1	ENSG00000235068_LINE6169_CR7598154_I_N5
2.07	1.54	1.51	1.71	0.54	-1.01	-2.28	-3.1	ENSG00000237582_LINE6183_BX0885802_I_N5
-0.56	-0.49	0.32	-0.78	-2.09	-0.05	1.11	2.34	ENSG00000174738_LINE6612_NR1D2_I_N1
-3.61	-2.18	1.01	3.37	3.55	2.52	-1.03	-4.03	ENSG00000111049_LINE482_MYF5_I_N8
-1.8	-1.32	1.25	3.95	2.88	1.58	-1.74	-4.82	ENSG00000139352_LINE730_ASCL1_I_N2
-7.86	-4.04	-0.77	-0.08	1.25	4.44	2.81	0.97	ENSG00000172238_LINE964_ATOH1_I_N6
-1.7	-4.02	-4.03	-6.83	-3.13	2.91	8.49	6.11	ENSG00000050344_LINE1236_NFE2L3_I_N2
-9.83	-2.23	-0.76	1.67	0.81	0.72	2.87	0.77	ENSG00000127528_LINE2754_KLF2_I_N15
4.06	1.8	-0.17	-1.38	-5.23	-5.41	2.18	3.65	ENSG00000172059_LINE3300_KLF11_I_N3
0.37	-7.31	-9.8	-10.22	-1.54	1.38	9.01	11.79	ENSG00000179059_LINE3477_ZFP42_I_N14
1.04	-1.07	-1.21	-1.3	0.46	0.81	0.93	0.55	ENSG00000197062_LINE3797_ZNF187_I
5.4	0.61	-1.93	-0.29	3.8	0.56	-3.01	-2.3	ENSG00000198081_LINE3836_ZFP161_I
-0.74	1.08	0.24	-0.14	1.79	0.36	-1.21	-0.8	ZN75C_HUMAN_LINE4118_ZNF75C_I
1.8	1.8	1.54	2.29	1.38	-0.74	-3.83	-3.48	ENSG00000142025_LINE4258_DMRTC2_I_N2
-9.16	-15.93	-15.41	-16.53	-8.75	8.89	24.21	21.59	ENSG00000129654_LINE6757_FOXJ1_I_N53
-9.6	-13.94	-12.32	-11.94	-5.87	5.83	18.53	17.92	ENSG00000170802_LINE7873_FOXN2_I_N8
-9.6	-13.94	-12.32	-11.94	-5.87	5.83	18.53	17.92	ENSG00000183770_LINE8732_FOXL2_I_N51
-8.44	-15.44	-15.45	-16.21	-9.07	8.42	24	21.23	ENSG00000184659_LINE9166_FOXD4L4_I_N47
-8.44	-15.44	-15.45	-16.21	-9.07	8.42	24	21.23	ENSG00000204828_LINE10575_FOXD4L2_I_N47
-0.58	2.23	3.91	4.13	-0.86	-2.12	-3.53	-1.71	ENSG00000115112_LINE11247_TFCP2L1_I_N2
0.68	1.24	1.8	1.63	-1.71	-2.63	-1.05	0.31	DUX1_HUMAN_LINE11277_DUX1_I
0.68	1.24	1.8	1.63	-1.71	-2.63	-1.05	0.31	DUX3_HUMAN_LINE11282_DUX3_I
3.25	-0.29	-0.88	-1.42	0.36	0.55	0.1	-0.32	ENSG00000105717_LINE11890_PBX4_I_N5
-2.23	-1.98	-1.36	-0.91	2.26	2.29	0.99	-0.48	ENSG00000148826_LINE14172_NKX62_I_N5
-1.86	-1.77	-1.11	-0.98	1.29	2.35	1.7	-0.39	ENSG00000197576_LINE16129_HOXA4_I_N70
2.07	1.54	1.51	1.71	0.54	-1.01	-2.28	-3.1	ENSG00000230336_LINE17148_CR8477943_I_N5
-1.46	-0.31	0.65	0.91	-0.57	0.91	0.37	-0.35	ENSG00000198963_LINE18386_RORB_I_N9
2.03	-3.18	-6.35	-5.97	2.97	2.52	3.29	2.92	ENSG00000113658_LINE19362_SMAD5_I_N1
-2.92	2.39	3.64	4.45	0.5	-2.4	-3.05	-2.45	ENSG00000120693_LINE19375_SMAD9_I_N1
3.01	11.46	11.9	8.39	-6.71	-10.11	-9.04	-5.1	ENSG00000110693_LINE19574_SOX6_I_N7
-0.32	-2.01	-1.9	-1.94	0.11	2.41	2.06	1.56	ENSG00000112837_LINE19949_TBX18_I_N1
-0.32	-2.01	-1.9	-1.94	0.11	2.41	2.06	1.56	ENSG00000122145_LINE20002_TBX22_I_N1
