seqnames	start	end	PP	trait	HSC	MPP	CMP	MEP	P1	P2	P3	P4	P5	P6	P7	P8
chr1	231558054	231558055	0.4371	HCT	28.5	30.1	26.6	23.8	24	18.3	21.2	24.7	34.4	30.5	22.2	16.3
chr17	59468942	59468943	0.4463	HCT	0.8	0.9	0.6	1.1	3	2.3	3.2	1.6	1.9	1.9	1.9	3
chr7	1286912	1286913	0.234	HCT	0.7	1.1	0.9	1.1	3.6	2.2	1.8	2.1	1.8	2.2	2.4	3.3
chr7	644418	644419	0.1863	HCT	27.6	27.8	17.3	14.3	23.7	15.4	16.9	16	10	8.2	7.2	5.8
chr7	100240296	100240297	0.4559	HCT	0.5	0.6	2	4.9	2.2	14.3	15.9	15.8	16.6	14.7	19.6	12.8
chr7	100027003	100027004	0.4433	HCT	11.6	11.7	13.1	11.9	25.4	29.8	30.7	34.8	47.7	34.6	43	37.9
chr7	99724694	99724695	0.1066	HCT	12.9	15.6	16.4	14.5	18.7	19.7	19.9	24.8	39.9	27.7	28.6	23.4
chr19	807442	807443	0.9468	HCT	0.5	0.5	1.2	2	3	4	3.8	1.8	2.1	2.4	1.7	1.8
chr21	16576783	16576784	0.3398	HCT	4.2	3.2	1.2	1.4	1.1	0.3	0.9	0.7	0.6	1	0.6	0.7
chr21	38065224	38065225	0.2602	HCT	0.6	0.8	0.9	1.2	1.7	1.3	1.6	1.2	1.4	2.6	1.2	2.3
chr21	38071367	38071368	0.1202	HCT	2.4	2.5	1.6	1.5	2.2	1.8	2	1.8	1.5	2.5	0.7	2.1
chr22	44324730	44324731	0.4847	HCT	0.1	0.5	0.9	0.6	4.8	2.6	0.9	1.4	0.5	1.2	1.7	1.5
chr22	44324727	44324728	0.27	HCT	0.1	0.5	0.9	0.6	4.8	2.6	0.9	1.4	0.5	1.2	1.7	1.5
chr22	43113793	43113794	0.2611	HCT	0.2	0.1	0.3	0.5	2.3	22.5	30.4	41.7	33.4	10.3	7.2	4.4
chr22	43115519	43115520	0.2013	HCT	0.4	0.9	0.8	1	2.5	3.9	5.6	6	5.9	6	5.4	3.2
chr3	194506202	194506203	0.1581	HCT	0.3	0.4	1.4	2.1	1.4	0.7	0.7	0.5	0.5	0.8	0.8	1.6
chr4	55408999	55409000	0.2567	HCT	8.5	10	18.9	23.6	2.6	15.2	19.4	17.4	2.9	1.8	2.5	2.6
chr4	55812079	55812080	0.1573	HCT	8.4	6.9	9.2	6.3	1.7	1.4	1.2	0.6	0.8	1.4	1	0.8
chr4	90687507	90687508	0.1114	HCT	3.6	3.5	3.3	4.9	1.4	2.2	1.6	1.4	1.4	1.8	1.3	1.3
chr5	172661865	172661866	1	HCT	1.6	1.9	2.2	2.2	4.2	3.6	2.3	1.7	1.2	1.8	2	3.5
chr5	176798040	176798041	0.2819	HCT	4.1	3.5	4.8	6	5	9.6	13.8	14.9	11.3	9.5	9.6	11
chr6	135419688	135419689	0.2652	HCT	0.1	0.1	0.3	2.1	0.8	4.5	5.1	7.6	12.7	9.6	20.6	10.4
chr6	135418632	135418633	0.1775	HCT	0.1	0.3	4	16.1	1.4	8.9	9.6	14.1	8.2	2.9	2.3	0.7
chr6	135418635	135418636	0.1159	HCT	0.1	0.3	4	16.1	1.4	8.9	9.6	14.1	8.2	2.9	2.3	0.7
chr1	214176869	214176870	0.1117	HCT	0.1	0.5	0.4	1.4	0.3	1.3	1.5	2.4	0.8	0.4	0.8	0.9
chr6	43804571	43804572	0.2658	HCT	0.1	0.1	0.6	1.3	2.5	2.7	4	3.2	1.5	1.5	1.4	1.8
chr6	43742626	43742627	0.2208	HCT	3.6	3.6	2.8	3.8	6.2	10.5	9.2	9.1	7.9	8.1	7.6	9.6
chr6	43737486	43737487	0.1703	HCT	9.2	10.1	8.5	9.4	12.8	19.8	22	22.4	24.7	16.9	22	20.4
chr1	155178782	155178783	0.8471	HCT	14.1	13.6	13.3	15.6	20.5	26.4	27.4	25.5	21.6	17.8	19.3	16.5
chr6	7232389	7232390	0.1169	HCT	0.2	0.4	0.5	1.5	2.6	2.4	2	2	1.6	2.7	1.8	2.2
chr7	150548972	150548973	0.1601	HCT	0.4	0.7	1.8	1	2.3	0.7	1	0.8	0.8	1.4	1.2	1.2
chr7	100275444	100275445	0.2458	HCT	0.7	0.8	1.4	2.2	5.8	7	7.2	5.8	4.6	4.7	3.9	4.9
chr7	1286912	1286913	0.2386	HCT	0.7	1.1	0.9	1.1	3.6	2.2	1.8	2.1	1.8	2.2	2.4	3.3
chr7	148768586	148768587	1	HCT	1.7	1.9	1.9	2.2	4	3.1	2.6	2.5	2	2	2.8	3.3
chr1	161688860	161688861	0.1989	HCT	0.3	0.3	0.8	0.4	1.4	0.5	0.4	0.5	0.6	1.2	1	0.5
chr1	161688659	161688660	0.1775	HCT	0.3	0.3	0.8	0.4	1.4	0.5	0.4	0.5	0.6	1.2	1	0.5
chr9	4118111	4118112	0.9422	HCT	0.7	1.4	1.1	1.5	3.1	2.1	1.5	1.8	2.1	3.6	2.3	2.9
chr9	2622146	2622147	0.4325	HCT	14.2	16	14.8	9.7	11.4	5.3	3.7	3.7	1.7	2.5	2.4	1.8
chr9	2622134	2622135	0.1811	HCT	14.2	16	14.8	9.7	11.4	5.3	3.7	3.7	1.7	2.5	2.4	1.8
chr9	2622278	2622279	0.1314	HCT	14.2	16	14.8	9.7	11.4	5.3	3.7	3.7	1.7	2.5	2.4	1.8
chr9	13976285	13976286	0.2247	HCT	5.2	3.8	1.5	0.6	0.2	0.3	0.7	0.4	0.5	0.3	0	0.7
chr10	71094504	71094505	0.9995	HCT	1.9	2.1	5	13.6	4.2	26.9	32.5	34.6	56	41.6	37.5	15.1
chr12	48512285	48512286	0.6434	HCT	0.2	0.5	1.3	6.1	0.3	4.4	4	4	2.8	1.7	1	2.3
chr12	48499131	48499132	0.2371	HCT	3.5	3.6	4	6.2	2.6	4.4	4.8	6.6	7.5	6.5	5.6	6.4
chr15	76298744	76298745	0.3629	HCT	1.7	1.7	2.6	1.2	5.8	1.3	0.5	0.6	0.4	0.6	1	1.2
chr15	77222517	77222518	0.1399	HCT	0.3	0.2	0.3	1	0.8	0.6	1.1	0.6	0.4	1.2	1.1	1.2
chr2	46293826	46293827	0.9566	HCT	0.1	0.1	1	0.6	0.9	0.7	0.9	0.2	0.5	1.2	1.4	1.4
chr15	43703277	43703278	0.1221	HCT	0.6	0.4	1.5	3.2	2.3	6.6	5.6	7.6	7.2	5.4	4.9	3.2
chr16	88858646	88858647	0.9347	HCT	1.6	1.6	2	3	5.6	13.2	13.2	10.2	4.9	4.9	4.3	3.9
chr17	7816486	7816487	0.6003	HCT	1	1.2	1.3	1.9	6.1	5.9	5.8	5.9	5.3	6	4.5	4.3
chr17	8125541	8125542	0.1222	HCT	9.6	7.9	6.1	8.8	15.3	24	28.3	27.6	28.7	19.2	17.8	15.5
chr17	67081278	67081279	0.9507	HCT	1	0.7	0.6	0.5	1.4	1.1	0.7	0.8	0.9	1.4	1	0.7
chr1	231558054	231558055	0.4247	HGB	28.5	30.1	26.6	23.8	24	18.3	21.2	24.7	34.4	30.5	22.2	16.3
chr2	46293826	46293827	0.9907	HGB	0.1	0.1	1	0.6	0.9	0.7	0.9	0.2	0.5	1.2	1.4	1.4
chr16	88858646	88858647	0.9802	HGB	1.6	1.6	2	3	5.6	13.2	13.2	10.2	4.9	4.9	4.3	3.9
chr16	215106	215107	0.3446	HGB	0.4	0.8	0.5	0.9	3.6	2.1	4.3	5.7	6.3	8.8	5.8	6.4
chr16	357744	357745	0.1496	HGB	0.1	0.5	0.8	1.2	4.5	2.4	1.8	1.6	1.1	3	1.8	2.1
chr17	67081278	67081279	0.9509	HGB	1	0.7	0.6	0.5	1.4	1.1	0.7	0.8	0.9	1.4	1	0.7
chr17	7816486	7816487	0.1476	HGB	1	1.2	1.3	1.9	6.1	5.9	5.8	5.9	5.3	6	4.5	4.3
chr17	59468942	59468943	0.3698	HGB	0.8	0.9	0.6	1.1	3	2.3	3.2	1.6	1.9	1.9	1.9	3
chr19	807442	807443	0.948	HGB	0.5	0.5	1.2	2	3	4	3.8	1.8	2.1	2.4	1.7	1.8
chr21	16576783	16576784	0.2315	HGB	4.2	3.2	1.2	1.4	1.1	0.3	0.9	0.7	0.6	1	0.6	0.7
chr21	38065224	38065225	0.3084	HGB	0.6	0.8	0.9	1.2	1.7	1.3	1.6	1.2	1.4	2.6	1.2	2.3
chr22	44324730	44324731	0.4207	HGB	0.1	0.5	0.9	0.6	4.8	2.6	0.9	1.4	0.5	1.2	1.7	1.5
chr22	44324727	44324728	0.2706	HGB	0.1	0.5	0.9	0.6	4.8	2.6	0.9	1.4	0.5	1.2	1.7	1.5
chr22	43113793	43113794	0.2477	HGB	0.2	0.1	0.3	0.5	2.3	22.5	30.4	41.7	33.4	10.3	7.2	4.4
chr22	43115519	43115520	0.2127	HGB	0.4	0.9	0.8	1	2.5	3.9	5.6	6	5.9	6	5.4	3.2
chr2	145258445	145258446	0.1438	HGB	0.3	0.5	3.5	1.1	5.1	1.9	1.3	1.4	1.1	1.1	1.1	1.9
chr3	194506202	194506203	0.6953	HGB	0.3	0.4	1.4	2.1	1.4	0.7	0.7	0.5	0.5	0.8	0.8	1.6
chr3	194506427	194506428	0.1703	HGB	0.3	0.4	1.4	2.1	1.4	0.7	0.7	0.5	0.5	0.8	0.8	1.6
chr4	55812079	55812080	0.739	HGB	8.4	6.9	9.2	6.3	1.7	1.4	1.2	0.6	0.8	1.4	1	0.8
chr4	55408875	55408876	0.3091	HGB	8.5	10	18.9	23.6	2.6	15.2	19.4	17.4	2.9	1.8	2.5	2.6
chr4	55408999	55409000	0.1987	HGB	8.5	10	18.9	23.6	2.6	15.2	19.4	17.4	2.9	1.8	2.5	2.6
chr4	90687507	90687508	0.3121	HGB	3.6	3.5	3.3	4.9	1.4	2.2	1.6	1.4	1.4	1.8	1.3	1.3
chr5	172661865	172661866	1	HGB	1.6	1.9	2.2	2.2	4.2	3.6	2.3	1.7	1.2	1.8	2	3.5
chr6	135419688	135419689	0.1543	HGB	0.1	0.1	0.3	2.1	0.8	4.5	5.1	7.6	12.7	9.6	20.6	10.4
chr6	135418632	135418633	0.1189	HGB	0.1	0.3	4	16.1	1.4	8.9	9.6	14.1	8.2	2.9	2.3	0.7
chr1	214176869	214176870	0.1242	HGB	0.1	0.5	0.4	1.4	0.3	1.3	1.5	2.4	0.8	0.4	0.8	0.9
chr6	43804571	43804572	0.4714	HGB	0.1	0.1	0.6	1.3	2.5	2.7	4	3.2	1.5	1.5	1.4	1.8
chr6	43742626	43742627	0.283	HGB	3.6	3.6	2.8	3.8	6.2	10.5	9.2	9.1	7.9	8.1	7.6	9.6
chr6	43737486	43737487	0.1612	HGB	9.2	10.1	8.5	9.4	12.8	19.8	22	22.4	24.7	16.9	22	20.4
chr6	43739327	43739328	0.1318	HGB	6.7	6.5	5.8	7.5	8.7	13.4	14.9	13.8	17.4	18.5	14.3	14.2
chr1	155178782	155178783	0.8677	HGB	14.1	13.6	13.3	15.6	20.5	26.4	27.4	25.5	21.6	17.8	19.3	16.5
chr1	154928707	154928708	0.1107	HGB	7.2	6.6	7	6.6	6.4	8	7.1	8.9	9.6	9.9	9.4	8
chr6	26196319	26196320	0.1663	HGB	0.7	1	1.7	4.6	9	9.6	10.2	9.6	10	6.2	5.8	6.4
chr7	100275444	100275445	0.6873	HGB	0.7	0.8	1.4	2.2	5.8	7	7.2	5.8	4.6	4.7	3.9	4.9
chr7	100225847	100225848	0.1654	HGB	0.5	0.3	0.5	1.1	3.3	4.3	3.5	3.5	3.3	5.1	2.7	3.6
chr7	1286912	1286913	0.2316	HGB	0.7	1.1	0.9	1.1	3.6	2.2	1.8	2.1	1.8	2.2	2.4	3.3
chr7	148768586	148768587	1	HGB	1.7	1.9	1.9	2.2	4	3.1	2.6	2.5	2	2	2.8	3.3
chr7	1286912	1286913	0.2151	HGB	0.7	1.1	0.9	1.1	3.6	2.2	1.8	2.1	1.8	2.2	2.4	3.3
chr9	13976285	13976286	0.6054	HGB	5.2	3.8	1.5	0.6	0.2	0.3	0.7	0.4	0.5	0.3	0	0.7
chr9	13975942	13975943	0.1127	HGB	5.2	3.8	1.5	0.6	0.2	0.3	0.7	0.4	0.5	0.3	0	0.7
chr9	2622146	2622147	0.8157	HGB	14.2	16	14.8	9.7	11.4	5.3	3.7	3.7	1.7	2.5	2.4	1.8
chr9	4118111	4118112	0.7866	HGB	0.7	1.4	1.1	1.5	3.1	2.1	1.5	1.8	2.1	3.6	2.3	2.9
chr9	2622134	2622135	0.1351	HGB	14.2	16	14.8	9.7	11.4	5.3	3.7	3.7	1.7	2.5	2.4	1.8
chr1	3691528	3691529	0.3622	HGB	0.6	0.6	1.1	4.8	6.4	30	37.2	44.8	33.5	20.9	13.7	9.2
chr10	71094504	71094505	0.9999	HGB	1.9	2.1	5	13.6	4.2	26.9	32.5	34.6	56	41.6	37.5	15.1
chr12	48499131	48499132	0.3567	HGB	3.5	3.6	4	6.2	2.6	4.4	4.8	6.6	7.5	6.5	5.6	6.4
chr12	48512285	48512286	0.2628	HGB	0.2	0.5	1.3	6.1	0.3	4.4	4	4	2.8	1.7	1	2.3
chr14	23749616	23749617	0.1397	HGB	0.1	0.2	0.3	2.5	0.5	4.1	6	6.1	5.2	2.4	2.1	0.6
chr15	76298744	76298745	0.2627	HGB	1.7	1.7	2.6	1.2	5.8	1.3	0.5	0.6	0.4	0.6	1	1.2
chr1	199010721	199010722	0.2436	MCH	28.2	28.8	23.6	31.7	14.2	8.5	5.4	2.6	0.9	0.8	0.7	1.2
chr7	50427982	50427983	1	MCH	1.2	1.1	2	4.8	3.4	8.1	11.7	13.4	13	10.2	8	12.6
chr7	5234362	5234363	0.1638	MCH	0.2	0.3	0.5	3.2	1.9	4.3	2.9	3.7	5.1	3	1.6	2.5
chr7	148768586	148768587	0.9936	MCH	1.7	1.9	1.9	2.2	4	3.1	2.6	2.5	2	2	2.8	3.3
chr7	149153834	149153835	0.1319	MCH	0.7	0.7	1.5	2.3	3.1	7.3	10.8	12.6	5.8	3.9	4.3	4.1
chr7	92682609	92682610	0.2956	MCH	1.1	1	1.5	4.2	1.7	3.4	3.5	5	4.2	3.4	2	2
chr7	92260260	92260261	0.2636	MCH	0.7	0.5	0.7	1.6	1.1	1.8	3.2	1.7	2.9	5.4	2.9	2.5
chr7	135346309	135346310	0.1025	MCH	6.7	9.4	19.9	9.5	12.1	6.5	5.1	4.6	4.3	4	2.9	3.6
chr8	23314918	23314919	0.1561	MCH	21.9	21.2	21.3	18	20.7	19.3	17.5	17.7	23.7	25.1	29.5	29.1
chr8	21779937	21779938	0.1003	MCH	6.9	7.4	6	5.2	4	7.1	9.2	10.3	14.4	12.6	17.5	16.4
chr8	128972721	128972722	0.1369	MCH	1.4	3.4	9.5	27.3	6.2	45.4	57	66.9	68.9	34.6	13.5	7.8
chr8	30280833	30280834	0.1525	MCH	104.7	100.6	78.3	73.6	16.7	13.6	12.5	6.8	1.4	1.1	1.4	2.2
chr8	30280630	30280631	0.1329	MCH	104.7	100.6	78.3	73.6	16.7	13.6	12.5	6.8	1.4	1.1	1.4	2.2
chr9	4855858	4855859	0.3328	MCH	0.3	0.7	0.7	2.4	1.4	3.4	3.1	1.9	1.8	4.7	4.5	4.5
chr9	4852599	4852600	0.1965	MCH	0.1	0.4	1.1	6.9	2.3	26.2	31.7	46.1	71.6	57.8	64.8	41.9
chr9	140100317	140100318	0.4775	MCH	4.8	4.1	5.2	5.4	13.7	13.4	14.5	13.7	17.1	13.5	13.7	16.7
chr9	140117968	140117969	0.3539	MCH	9	10.3	8.3	9.7	27.2	29	30	39.2	39.9	32.5	33.6	29.4
chr9	140117933	140117934	0.1084	MCH	9	10.3	8.3	9.7	27.2	29	30	39.2	39.9	32.5	33.6	29.4
chr9	135860412	135860413	0.1489	MCH	1.1	2.1	2.8	6.3	5.9	28.1	36.6	47.7	75.8	50.4	20.5	6.5
chr10	45406608	45406609	0.5751	MCH	2.4	1.5	3.9	14.8	2.8	8.1	7.5	7.7	1.6	0.8	1.9	1.7
chr10	46096500	46096501	0.1707	MCH	5.9	5.3	3.6	3.2	3.1	1.9	2.8	2.5	2.2	3.2	2.9	5.2
chr10	71094504	71094505	0.993	MCH	1.9	2.1	5	13.6	4.2	26.9	32.5	34.6	56	41.6	37.5	15.1
chr10	51577841	51577842	0.2779	MCH	1.2	1.2	1.3	2.5	0.8	0.9	1.5	1.2	1.5	3.2	2.6	2
chr10	51575535	51575536	0.2611	MCH	0.5	0.4	1	1.4	2.5	2.8	2.4	1.5	3.3	4.5	5.8	3.8
chr10	64916651	64916652	0.1697	MCH	0.6	0.6	0.5	1.4	0.8	1	1.6	1.3	1.3	2	1.9	2.4
chr10	64899893	64899894	0.1638	MCH	0.4	0.2	0.7	1.3	1.4	3	3.4	2.4	1.8	2.3	1.6	0.8
chr10	103872328	103872329	0.2401	MCH	0.7	1.2	5.6	14.1	7.2	33.6	38.1	41.7	24.4	11.2	5.3	4.3
chr10	103892888	103892889	0.1242	MCH	41.1	41.4	42.3	40.2	43.1	52	57	59.2	84	64.6	86.8	92.3
chr11	16758246	16758247	0.3951	MCH	0.9	0.7	0.7	0.7	1.2	0.7	0.9	0.7	0.6	0.6	0.9	1.9
chr11	16402901	16402902	0.1797	MCH	0.2	0.3	0.3	1.6	0.6	2.5	3.7	7.2	12.2	9	6.5	3
chr11	2320558	2320559	0.1769	MCH	1.3	1	0.8	1	5	3.8	3.5	3	2.4	3.1	3.1	3.2
chr11	65669511	65669512	0.212	MCH	0.6	0.7	0.6	1	2.8	3.3	3.4	3.2	1.9	4	2.3	3.7
chr12	4330068	4330069	0.2616	MCH	0	0.1	2	4.1	1.9	3.8	3.6	3	1.4	1	0.8	1.6
chr12	121454313	121454314	0.1168	MCH	11.8	10.8	12.4	12.4	11.5	17	14.5	17.7	24.1	22.5	24.2	27.9
chr12	122465836	122465837	0.1012	MCH	0.6	0.3	0.8	1.9	2	2.5	1.8	1.8	0.9	1.6	1.4	1.2
chr12	57146069	57146070	0.8061	MCH	4.6	4.9	6.2	8.2	12.1	13.2	14.8	17.9	18.1	13.6	11	7.6
chr12	48160716	48160717	0.151	MCH	7.1	6.3	5.2	2.8	4.2	3.7	3.9	3	3.9	4.3	3.9	4.2
chr12	133047851	133047852	0.3481	MCH	29	25.8	27.1	28.2	13.4	29.5	31.3	27.7	12	2.8	1.6	2.9
chr14	65537559	65537560	0.5486	MCH	0.3	0.4	0.6	0.4	1.1	1.3	2.2	2	1.8	3.2	2.4	3.6
chr14	65520353	65520354	0.1414	MCH	1.5	1.9	1.5	0.6	3.1	1.6	1.2	1	1.1	1.8	1.5	1.3
chr14	74208345	74208346	0.4859	MCH	28.9	27.4	20.6	26.4	18.4	44.7	48.9	56.4	86.5	70.4	76.1	43.4
chr14	74211446	74211447	0.1172	MCH	0.8	1.4	1.8	2.1	5.4	4.6	4.5	3.4	3.2	4.9	3.9	4.6
chr15	65998846	65998847	0.1114	MCH	1.1	1	1.4	1	0.8	0.8	0.1	0.5	0.4	1.1	0.9	1
chr16	170076	170077	1	MCH	0.1	0.1	0.3	1.6	3.4	10.6	16.5	23.5	47.2	53	48.1	22.8
chr16	209816	209817	0.2066	MCH	0.1	0.2	0.1	0.5	1.9	1.2	1.6	1.7	2.5	2.9	3.4	2.3
chr16	163598	163599	0.2006	MCH	1.8	2.9	7.8	15.9	9.8	64.1	78	99.9	183.7	133.2	154.7	124.4
chr2	112250758	112250759	0.314	MCH	0.1	0.1	1.1	2.1	0.8	8	8.1	11.1	8	4.8	1.6	1.2
chr2	112252585	112252586	0.2085	MCH	0.3	0.2	0.1	0.1	0.8	0.7	1.9	1.6	2.2	2.4	2.6	2.4
chr16	30103160	30103161	0.93	MCH	15.5	17	18.2	18.7	29.4	29.8	29	29.8	35.2	29.7	34.1	30.1
chr16	89043454	89043455	0.6591	MCH	25	23.3	14	11.4	26.6	31.1	29.2	26.7	22.3	18.8	12.9	9.7
chr16	87886490	87886491	0.4937	MCH	0.2	0.1	0.3	1.7	3.6	11.8	14.9	18.7	29.7	23.6	23.6	11.4
chr16	87886545	87886546	0.2586	MCH	0.2	0.1	0.3	1.7	3.6	11.8	14.9	18.7	29.7	23.6	23.6	11.4
chr16	87886726	87886727	0.2332	MCH	0.2	0.1	0.3	1.7	3.6	11.8	14.9	18.7	29.7	23.6	23.6	11.4
chr16	88566411	88566412	0.2287	MCH	2.7	2.9	5.6	4.4	13.7	18.8	16.9	12.7	7.3	7.9	6.6	7.5
chr16	67250992	67250993	0.6527	MCH	8.2	9.7	8.7	8.8	7.5	13.9	12.7	12.3	9.5	9.4	6.9	4.6
chr17	28667268	28667269	0.158	MCH	1.4	1.5	1.8	3	4.7	7	8.5	9.8	6.6	4.2	4.1	2.3
chr17	67081278	67081279	0.9905	MCH	1	0.7	0.6	0.5	1.4	1.1	0.7	0.8	0.9	1.4	1	0.7
chr2	60718347	60718348	0.5696	MCH	0.6	0.8	2.5	8.3	2	9.3	11.1	16.6	33	26.4	17.8	5.5
chr17	76183233	76183234	0.4504	MCH	12.3	13	13.3	15.6	40	45.6	50.5	50.6	68.2	50.6	57.3	52.2
chr17	76184224	76184225	0.1034	MCH	0.2	0.2	0.6	2	3.1	5.6	6	6.8	4	5.2	2.9	2.5
chr18	60920854	60920855	1	MCH	22.2	19.8	19.8	15.9	11.2	2.8	1.2	0.5	0.8	1.2	0.9	0.6
chr19	12994618	12994619	0.2359	MCH	0.1	0	0.5	1.3	3.9	5	8	7.3	18.9	17.8	22.5	18.4
chr19	12996500	12996501	0.2352	MCH	4.2	4.5	5.5	3.7	15.7	14.1	12.1	12.5	14.7	17.4	18.2	18.5
chr19	33754548	33754549	1	MCH	0.1	0.3	3.8	1.8	16	5.3	4.8	6.4	2.2	2.1	1.9	1.2
chr19	33072085	33072086	0.4269	MCH	27	25.5	19.6	18.6	40.9	30.3	33.6	37.4	50	48	51.8	37.6
chr19	33072069	33072070	0.3656	MCH	27	25.5	19.6	18.6	40.9	30.3	33.6	37.4	50	48	51.8	37.6
chr2	43453721	43453722	0.119	MCH	22.9	25.4	26.4	29.5	43.3	44.6	41.7	46.4	60.3	49.4	42.9	27.9
chr19	18415743	18415744	0.2003	MCH	18.9	17.6	10.4	5.8	17.6	17.1	20	13.7	13.5	11.7	11	7.8
chr20	55990405	55990406	0.4845	MCH	4.1	5	12.1	32.2	7	88.2	105.5	141.4	248.9	204	231.8	133.4
chr20	31108108	31108109	0.3867	MCH	0.1	0.1	0.4	1.4	2	9.4	11.9	14.1	10.1	5.7	3.4	1.8
chr20	52230030	52230031	0.4211	MCH	0.4	0.5	0.9	3	0.3	4.1	4.2	5.4	3.9	4.5	7.3	5.8
chr20	4157072	4157073	0.7035	MCH	0.1	0.2	0.4	1.5	0.9	4.5	5.7	7.9	12.6	10	13.3	7
chr22	36766481	36766482	0.178	MCH	2.3	2.5	3	2.9	8.4	7.6	7.8	8.3	8.6	7.9	5.1	4.4
chr22	36758547	36758548	0.1123	MCH	0.5	0.4	0.5	1.1	1.2	1.5	2.7	2.2	3.4	2.6	1.9	1.9
chr22	50964153	50964154	0.4461	MCH	16.2	16.6	16.5	17.1	39.4	39.4	41.1	45.2	45	33.1	25	26.9
chr22	50978262	50978263	0.109	MCH	8.5	7.5	6.6	6.4	12.6	11.6	8.5	7.7	8.3	7.1	12	8.3
chr2	64975919	64975920	0.217	MCH	1.1	0.8	0.8	1	2	1.5	2	1.1	1.1	1.3	1.7	1.4
chr3	195809116	195809117	0.2118	MCH	19.4	19.8	19.1	16.8	29	37.1	39.8	47.9	64.1	46.4	42.9	26.9
chr3	141128804	141128805	0.1403	MCH	0.5	0.7	0.8	1.1	1.9	1.1	1.1	1.2	0.8	1.9	1.7	1.6
chr3	141129999	141130000	0.1238	MCH	1.2	0.9	1	1.1	0.5	1	1.4	0.5	0.8	1.4	1.2	1.1
chr3	133467377	133467378	0.9783	MCH	0.2	0.3	0.5	2.8	1.1	1.1	1.5	2	0.9	1.4	1.7	1.3
chr1	203281175	203281176	0.9991	MCH	0.2	1.3	6.9	16.7	4.7	26.3	30.9	46.6	56.9	40.6	23.8	11.4
chr3	66452973	66452974	0.3283	MCH	0.2	0.4	0.8	1	2.3	1.4	1.2	1.2	1.1	1.8	1.8	3.2
chr3	50329826	50329827	0.1437	MCH	22.2	25.4	30.3	32.4	42.2	53.5	54.8	59.7	84.5	76.8	94.4	94.5
chr3	71254751	71254752	0.802	MCH	0.5	0.5	1.2	0.8	1.4	0.8	1.1	0.5	0.6	1.2	1.4	2
chr4	55408999	55409000	1	MCH	8.5	10	18.9	23.6	2.6	15.2	19.4	17.4	2.9	1.8	2.5	2.6
chr1	47676525	47676526	0.1069	MCH	0.4	0.6	0.5	1.3	2	3.8	2.8	2.8	2.7	4	2.7	3.6
chr1	47676531	47676532	0.1062	MCH	0.4	0.6	0.5	1.3	2	3.8	2.8	2.8	2.7	4	2.7	3.6
chr5	154346259	154346260	0.9715	MCH	0.3	0.4	0.8	0.6	2	1.5	1	1	0.8	1.4	2.1	1.4
chr5	154027482	154027483	0.9318	MCH	5.4	5.5	5.8	4.9	5.8	4.8	4.8	4.5	4.6	4.3	4.9	4.7
chr5	1104938	1104939	0.6867	MCH	24.5	22	14.7	13.2	8.4	12.4	12.6	13	9	8	10.5	8.9
chr5	172661865	172661866	0.9904	MCH	1.6	1.9	2.2	2.2	4.2	3.6	2.3	1.7	1.2	1.8	2	3.5
chr5	173287763	173287764	0.116	MCH	0.1	0.3	0.9	13.3	3.4	35.5	47.3	73	110.6	73.3	76.2	29.2
chr5	173287851	173287852	0.1147	MCH	0.1	0.3	0.9	13.3	3.4	35.5	47.3	73	110.6	73.3	76.2	29.2
chr5	172201164	172201165	0.1047	MCH	0.3	0.4	0.6	1.5	2.5	4.6	5.8	5	4.4	5.6	9.7	9.6
chr5	88125853	88125854	0.5129	MCH	0.5	0.6	1.1	1.4	1.4	1.6	0.8	0.9	1.2	1.9	1.2	1.6
chr6	135418635	135418636	0.9487	MCH	0.1	0.3	4	16.1	1.4	8.9	9.6	14.1	8.2	2.9	2.3	0.7
chr6	135415004	135415005	0.1041	MCH	0.2	0.5	4.6	12.8	5.1	11.4	10.9	7.9	1.5	0.8	1.4	0.9
chr1	118251143	118251144	0.9994	MCH	0.5	0.5	0.7	2.8	1.7	8.9	8.1	14.8	21	12.6	7.9	3.9
chr1	118153977	118153978	0.3354	MCH	0.7	1.3	5.3	20.9	3.1	24	32.1	40.6	64.2	58.3	67.9	42.1
chr6	41924998	41924999	1	MCH	0	0.3	0.5	2.5	0.5	5.7	8.7	12.1	23.8	17.6	13.4	32.3
chr6	41925159	41925160	0.9349	MCH	0	0.3	0.5	2.5	0.5	5.7	8.7	12.1	23.8	17.6	13.4	32.3
chr6	41909521	41909522	0.5259	MCH	6.8	7.6	11.2	13.1	23.7	25.6	24.2	27.6	33.2	29.6	25.7	21.8
chr6	41944095	41944096	0.2702	MCH	0	0.1	0	0.4	1.4	1.9	2	1.5	3.4	3.4	2	1.8
chr6	41921241	41921242	0.1922	MCH	0.1	0.1	0.3	0.6	0.8	6.2	6.8	13	22.3	13.9	8	3.1
chr6	41925290	41925291	0.101	MCH	0	0.3	0.5	2.5	0.5	5.7	8.7	12.1	23.8	17.6	13.4	32.3
chr6	139841653	139841654	0.55	MCH	0.3	0.2	3.7	0.7	3.3	1.2	1.1	1.1	0.8	1	1.2	1.8
chr6	26224377	26224378	0.1123	MCH	9.7	8.1	7.5	9.1	8.9	13.8	11.2	14	11.9	8.1	8.8	6.1
chr6	26224403	26224404	0.1041	MCH	9.7	8.1	7.5	9.1	8.9	13.8	11.2	14	11.9	8.1	8.8	6.1
chr6	16322978	16322979	0.1144	MCH	4.2	3.9	6.7	2.7	6.2	3.2	1.2	2	3.1	4.3	3	3.6
chr6	164463355	164463356	0.1396	MCH	55.6	61.1	65.3	54.3	30.2	35.6	31.7	27.3	5.9	1.7	1.8	2
chr6	36602027	36602028	1	MCH	1.1	1.1	1.2	2.4	3.6	3.8	2.8	2.4	1.1	1.4	1	1.6
chr7	100239422	100239423	0.5518	MCH	0.8	2.8	8.5	14.1	8.7	42.3	48.4	51.2	39.3	26.7	20.9	12.1
chr7	100240296	100240297	0.2205	MCH	0.5	0.6	2	4.9	2.2	14.3	15.9	15.8	16.6	14.7	19.6	12.8
chr7	100225847	100225848	0.1986	MCH	0.5	0.3	0.5	1.1	3.3	4.3	3.5	3.5	3.3	5.1	2.7	3.6
chr6	135418635	135418636	0.5482	MCHC	0.1	0.3	4	16.1	1.4	8.9	9.6	14.1	8.2	2.9	2.3	0.7
chr6	26267755	26267756	0.114	MCHC	0.1	0.2	0.5	1.2	1.6	2	1.2	1.7	1.1	1.6	1.9	2
chr1	3691434	3691435	0.1595	MCHC	0.6	0.6	1.1	4.8	6.4	30	37.2	44.8	33.5	20.9	13.7	9.2
chr6	16322978	16322979	0.27	MCHC	4.2	3.9	6.7	2.7	6.2	3.2	1.2	2	3.1	4.3	3	3.6
chr7	100240296	100240297	0.2645	MCHC	0.5	0.6	2	4.9	2.2	14.3	15.9	15.8	16.6	14.7	19.6	12.8
chr8	41630447	41630448	1	MCHC	0.3	1	4.3	16.7	5	24.8	29.3	39.7	69.7	63.3	62.2	27.9
chr8	41548911	41548912	0.2299	MCHC	1.1	0.7	1.2	1.3	1.4	2.3	2.3	2	2.5	4.9	2.7	3.4
chr8	41509915	41509916	0.2219	MCHC	0.9	0.5	0.8	4.5	1.4	6.2	8	6.5	7.1	6.7	7.2	4.6
chr11	116623213	116623214	0.5318	MCHC	0.2	0.2	2.4	1.4	1.4	1	0.8	0.9	0.5	1.1	0.8	1.9
chr16	357744	357745	0.5039	MCHC	0.1	0.5	0.8	1.2	4.5	2.4	1.8	1.6	1.1	3	1.8	2.1
chr16	88856084	88856085	0.8747	MCHC	2.6	2.9	4.9	3.3	7.9	4.7	3.9	3.4	1.5	2.1	1.5	2
chr16	88858646	88858647	0.1115	MCHC	1.6	1.6	2	3	5.6	13.2	13.2	10.2	4.9	4.9	4.3	3.9
chr19	18589943	18589944	0.1304	MCHC	0.5	0.7	2.5	0.6	18.1	3.8	3.2	1.9	2.5	2.9	2.5	3.1
chr11	118966521	118966522	0.1363	MEAN_RETIC_VOL	23.2	27.2	27.8	27.1	35.8	46.2	43.9	53.8	78.7	63.2	84.1	76.3
chr11	67184725	67184726	0.6774	MEAN_RETIC_VOL	1.1	1.6	1.5	1.9	6.5	6.9	8.3	7.3	5.9	7.5	11.7	13
chr11	94886632	94886633	0.993	MEAN_RETIC_VOL	11.7	20.8	46.7	61.9	5.9	35	50	74.6	164.4	124.7	112.4	39.3
chr11	61595564	61595565	0.2044	MEAN_RETIC_VOL	10.5	11.2	12.9	14	34.9	43.7	37.6	32.3	11.2	7.9	5.6	4.9
chr11	61556039	61556040	0.173	MEAN_RETIC_VOL	0.6	0.7	1.2	2.1	3.3	6.2	6.6	6.3	5.3	4	4.5	4.1
chr11	4104319	4104320	0.1449	MEAN_RETIC_VOL	0.2	0.3	0.6	0.9	2	2.1	1.6	1.7	1.4	1.9	1.9	2.5
chr12	57146069	57146070	0.3884	MEAN_RETIC_VOL	4.6	4.9	6.2	8.2	12.1	13.2	14.8	17.9	18.1	13.6	11	7.6
chr12	88829294	88829295	0.1526	MEAN_RETIC_VOL	1.3	1.2	0.5	0.7	0.5	1.1	0.9	0.7	0.2	1	0.9	1.6
chr1	20917206	20917207	0.2856	MEAN_RETIC_VOL	0.3	0.4	1.5	0.7	11.1	1.3	0.9	0.3	0.8	0.7	1.3	2.1
chr1	20917108	20917109	0.2714	MEAN_RETIC_VOL	0.3	0.4	1.5	0.7	11.1	1.3	0.9	0.3	0.8	0.7	1.3	2.1
chr1	20916444	20916445	0.2298	MEAN_RETIC_VOL	1.2	0.8	0.8	0.9	3.6	1.7	1.1	0.9	0.6	1.4	1.4	1.1
chr14	102994065	102994066	0.1681	MEAN_RETIC_VOL	0.3	0.3	0.3	0.6	2	5.4	9	6.5	2.8	4.8	5	4.9
chr15	42065270	42065271	0.1733	MEAN_RETIC_VOL	5.1	4.6	5.4	5.1	8.2	7.6	9.2	7.2	5.2	6.1	4.5	4.3
chr16	170076	170077	0.7693	MEAN_RETIC_VOL	0.1	0.1	0.3	1.6	3.4	10.6	16.5	23.5	47.2	53	48.1	22.8
chr16	629458	629459	0.4644	MEAN_RETIC_VOL	7.4	8.9	11.7	11.7	25.4	36.9	42.5	40.5	30	18.3	16.4	13.4
chr16	30103160	30103161	0.9972	MEAN_RETIC_VOL	15.5	17	18.2	18.7	29.4	29.8	29	29.8	35.2	29.7	34.1	30.1
chr16	88924217	88924218	0.2464	MEAN_RETIC_VOL	3.9	4.8	5.9	5.5	10.7	12.5	13.2	9.1	8.6	9.5	7.7	7.3
chr16	88858602	88858603	0.2082	MEAN_RETIC_VOL	1.6	1.6	2	3	5.6	13.2	13.2	10.2	4.9	4.9	4.3	3.9
chr16	88858646	88858647	0.1952	MEAN_RETIC_VOL	1.6	1.6	2	3	5.6	13.2	13.2	10.2	4.9	4.9	4.3	3.9
chr16	88856084	88856085	0.1189	MEAN_RETIC_VOL	2.6	2.9	4.9	3.3	7.9	4.7	3.9	3.4	1.5	2.1	1.5	2
chr1	23840570	23840571	0.2783	MEAN_RETIC_VOL	0.1	0.1	0.2	0.4	1.2	1.6	4.1	9.3	39.6	52.3	81.2	48.1
chr16	68678638	68678639	0.2986	MEAN_RETIC_VOL	4.1	3.7	3	3.1	3.9	2.7	3.4	2	0.4	2	1.5	1.5
chr16	87886490	87886491	0.4381	MEAN_RETIC_VOL	0.2	0.1	0.3	1.7	3.6	11.8	14.9	18.7	29.7	23.6	23.6	11.4
chr16	87886726	87886727	0.293	MEAN_RETIC_VOL	0.2	0.1	0.3	1.7	3.6	11.8	14.9	18.7	29.7	23.6	23.6	11.4
chr16	87886545	87886546	0.2388	MEAN_RETIC_VOL	0.2	0.1	0.3	1.7	3.6	11.8	14.9	18.7	29.7	23.6	23.6	11.4
chr16	88837298	88837299	0.1843	MEAN_RETIC_VOL	32.9	33.9	26.8	14	48.9	31.4	29.3	24.5	15.9	14.3	8.3	8.4
chr16	88858602	88858603	0.1253	MEAN_RETIC_VOL	1.6	1.6	2	3	5.6	13.2	13.2	10.2	4.9	4.9	4.3	3.9
chr17	47857324	47857325	0.7012	MEAN_RETIC_VOL	2.8	2.5	1.9	2	4.4	6.3	6	7	5.8	3.6	3.7	4.7
chr17	76183233	76183234	0.4108	MEAN_RETIC_VOL	12.3	13	13.3	15.6	40	45.6	50.5	50.6	68.2	50.6	57.3	52.2
chr17	76184224	76184225	0.1701	MEAN_RETIC_VOL	0.2	0.2	0.6	2	3.1	5.6	6	6.8	4	5.2	2.9	2.5
chr18	60920854	60920855	0.9998	MEAN_RETIC_VOL	22.2	19.8	19.8	15.9	11.2	2.8	1.2	0.5	0.8	1.2	0.9	0.6
chr18	660647	660648	0.1165	MEAN_RETIC_VOL	0.8	0.8	0.9	1.2	3.4	2.9	1.8	2	1.7	2.5	1.7	1.6
chr18	666625	666626	0.1066	MEAN_RETIC_VOL	1.2	1.5	2.8	6.3	2	4.7	4.8	4.6	3.5	3.2	2.4	2
chr19	33754548	33754549	1	MEAN_RETIC_VOL	0.1	0.3	3.8	1.8	16	5.3	4.8	6.4	2.2	2.1	1.9	1.2
chr19	33754491	33754492	0.847	MEAN_RETIC_VOL	0.1	0.3	3.8	1.8	16	5.3	4.8	6.4	2.2	2.1	1.9	1.2
chr19	33072069	33072070	0.174	MEAN_RETIC_VOL	27	25.5	19.6	18.6	40.9	30.3	33.6	37.4	50	48	51.8	37.6
chr19	4078929	4078930	0.1629	MEAN_RETIC_VOL	0.3	0.4	0.6	0.8	3.7	6.3	5.8	4.8	2.9	3.3	2.8	3.8
chr19	4074697	4074698	0.1268	MEAN_RETIC_VOL	0.1	0.3	1.5	1.5	5.1	3.4	3	2.6	1.6	2	1.5	2
chr19	4074452	4074453	0.113	MEAN_RETIC_VOL	0.1	0.3	1.5	1.5	5.1	3.4	3	2.6	1.6	2	1.5	2
chr19	1855583	1855584	1	MEAN_RETIC_VOL	6.9	6.7	6.9	7.5	35.6	35.4	45.1	53.8	48.4	36.8	42.7	31.7
chr19	18415743	18415744	0.2542	MEAN_RETIC_VOL	18.9	17.6	10.4	5.8	17.6	17.1	20	13.7	13.5	11.7	11	7.8
chr19	45410002	45410003	0.1047	MEAN_RETIC_VOL	0.7	0.7	0.9	1.7	2.8	5.7	6.9	6.1	6.2	5.6	4.7	2.9
chr20	55990405	55990406	0.2323	MEAN_RETIC_VOL	4.1	5	12.1	32.2	7	88.2	105.5	141.4	248.9	204	231.8	133.4
chr20	4157072	4157073	0.9289	MEAN_RETIC_VOL	0.1	0.2	0.4	1.5	0.9	4.5	5.7	7.9	12.6	10	13.3	7
chr20	3776968	3776969	0.2978	MEAN_RETIC_VOL	14.6	13.4	11.1	9.6	12.3	16.5	19.4	18.2	20.8	17.3	16.9	15.5
chr22	36766481	36766482	0.1754	MEAN_RETIC_VOL	2.3	2.5	3	2.9	8.4	7.6	7.8	8.3	8.6	7.9	5.1	4.4
chr22	36758547	36758548	0.1181	MEAN_RETIC_VOL	0.5	0.4	0.5	1.1	1.2	1.5	2.7	2.2	3.4	2.6	1.9	1.9
chr2	8756183	8756184	0.6872	MEAN_RETIC_VOL	0.2	0.3	1.9	14.8	3	24.5	35.9	57.7	90.4	75.2	79.6	36.4
chr2	60718347	60718348	0.6156	MEAN_RETIC_VOL	0.6	0.8	2.5	8.3	2	9.3	11.1	16.6	33	26.4	17.8	5.5
chr2	60713235	60713236	0.1923	MEAN_RETIC_VOL	5.2	4.7	2.4	1.4	1.1	1	1.2	0.9	1.4	3	1.7	1.5
chr2	112250758	112250759	0.3787	MEAN_RETIC_VOL	0.1	0.1	1.1	2.1	0.8	8	8.1	11.1	8	4.8	1.6	1.2
chr2	111878227	111878228	0.212	MEAN_RETIC_VOL	13.5	16	13.3	17.3	22.3	24.8	26.4	30.8	39.8	33.2	37.7	41.1
chr2	112252585	112252586	0.1762	MEAN_RETIC_VOL	0.3	0.2	0.1	0.1	0.8	0.7	1.9	1.6	2.2	2.4	2.6	2.4
chr1	248020448	248020449	0.1569	MEAN_RETIC_VOL	19.5	20.2	21.7	36	20.7	34.8	37.4	46.7	72.9	69.3	78.9	79.5
chr1	248020556	248020557	0.1314	MEAN_RETIC_VOL	19.5	20.2	21.7	36	20.7	34.8	37.4	46.7	72.9	69.3	78.9	79.5
chr2	62524895	62524896	0.1155	MEAN_RETIC_VOL	0.1	0.1	0.3	1.8	2.5	5.1	6	6.2	6.3	6.3	8.3	5.4
chr3	50329826	50329827	0.4855	MEAN_RETIC_VOL	22.2	25.4	30.3	32.4	42.2	53.5	54.8	59.7	84.5	76.8	94.4	94.5
chr1	203281175	203281176	1	MEAN_RETIC_VOL	0.2	1.3	6.9	16.7	4.7	26.3	30.9	46.6	56.9	40.6	23.8	11.4
chr1	203275407	203275408	0.9936	MEAN_RETIC_VOL	4.7	5.5	4.7	7.3	6.2	20.4	23.4	30.8	41.1	26.4	31	38.4
chr3	24341268	24341269	0.1121	MEAN_RETIC_VOL	13.7	12.3	10.2	8.1	3.1	8	6.5	4	1	0.6	0.6	0.8
chr3	16852375	16852376	0.3548	MEAN_RETIC_VOL	10.2	9.8	6.5	4.6	2	1.5	0.9	1.1	0.5	0.9	0.8	0.7
chr3	17033983	17033984	0.2469	MEAN_RETIC_VOL	0.4	0.5	1.9	3.4	1.1	2.3	2.8	1.6	1.3	1.6	1.9	1.7
chr3	71254751	71254752	0.3594	MEAN_RETIC_VOL	0.5	0.5	1.2	0.8	1.4	0.8	1.1	0.5	0.6	1.2	1.4	2
chr4	55437492	55437493	0.8344	MEAN_RETIC_VOL	0.2	0.5	7.7	42.3	6.1	47.2	52.6	68.3	31.4	7.6	4.6	4.1
chr4	55408875	55408876	0.5976	MEAN_RETIC_VOL	8.5	10	18.9	23.6	2.6	15.2	19.4	17.4	2.9	1.8	2.5	2.6
chr4	55408999	55409000	0.4685	MEAN_RETIC_VOL	8.5	10	18.9	23.6	2.6	15.2	19.4	17.4	2.9	1.8	2.5	2.6
chr4	145026126	145026127	0.9998	MEAN_RETIC_VOL	2.7	1.9	2.6	5.8	1.1	3.7	5.6	11.5	24.9	18.6	24.7	17.2
chr4	146057518	146057519	0.1041	MEAN_RETIC_VOL	1.2	0.7	0.4	0.7	1.7	0.8	0.8	0.8	0.6	1.3	1.2	1.3
chr5	1102706	1102707	0.5484	MEAN_RETIC_VOL	1.9	1.7	2.2	2.4	7	5.6	6.8	3.9	3.3	4	3.1	4.3
chr5	1104938	1104939	0.1921	MEAN_RETIC_VOL	24.5	22	14.7	13.2	8.4	12.4	12.6	13	9	8	10.5	8.9
chr5	172661865	172661866	0.9991	MEAN_RETIC_VOL	1.6	1.9	2.2	2.2	4.2	3.6	2.3	1.7	1.2	1.8	2	3.5
chr6	139841653	139841654	0.2031	MEAN_RETIC_VOL	0.3	0.2	3.7	0.7	3.3	1.2	1.1	1.1	0.8	1	1.2	1.8
chr6	41924998	41924999	1	MEAN_RETIC_VOL	0	0.3	0.5	2.5	0.5	5.7	8.7	12.1	23.8	17.6	13.4	32.3
chr6	41909521	41909522	0.9979	MEAN_RETIC_VOL	6.8	7.6	11.2	13.1	23.7	25.6	24.2	27.6	33.2	29.6	25.7	21.8
chr6	41925159	41925160	0.9971	MEAN_RETIC_VOL	0	0.3	0.5	2.5	0.5	5.7	8.7	12.1	23.8	17.6	13.4	32.3
chr6	41921241	41921242	0.1958	MEAN_RETIC_VOL	0.1	0.1	0.3	0.6	0.8	6.2	6.8	13	22.3	13.9	8	3.1
chr6	164463355	164463356	0.1244	MEAN_RETIC_VOL	55.6	61.1	65.3	54.3	30.2	35.6	31.7	27.3	5.9	1.7	1.8	2
chr6	109638895	109638896	0.1089	MEAN_RETIC_VOL	0.9	0.8	0.3	0.3	1.6	0.8	0.8	0.8	0.7	1.4	1.7	1.4
chr6	44202352	44202353	0.1311	MEAN_RETIC_VOL	1.9	2.1	1.4	1.8	2.8	4.2	3.7	3.7	2.9	3.7	4.3	5.9
chr6	90941289	90941290	0.3107	MEAN_RETIC_VOL	1.6	1.7	1.4	1.3	1.1	0.7	0.8	0.5	0.5	1	0.9	1.2
chr6	36602027	36602028	0.9874	MEAN_RETIC_VOL	1.1	1.1	1.2	2.4	3.6	3.8	2.8	2.4	1.1	1.4	1	1.6
chr6	6703839	6703840	0.1526	MEAN_RETIC_VOL	0.4	0.7	1.4	1.8	1.9	3	1.8	2.3	2.2	3.2	2.3	2.6
chr6	6704699	6704700	0.1398	MEAN_RETIC_VOL	0.3	0.6	3.6	25.9	2.6	34.4	40.1	55.3	26.1	11.5	8.4	3.6
chr1	43429105	43429106	0.1379	MEAN_RETIC_VOL	0.6	0.8	2.8	9	2.2	15	17.3	27.5	56.8	46.2	62.5	36.4
chr7	50427982	50427983	1	MEAN_RETIC_VOL	1.2	1.1	2	4.8	3.4	8.1	11.7	13.4	13	10.2	8	12.6
chr7	44879601	44879602	0.3202	MEAN_RETIC_VOL	0.3	0.7	1.3	1.6	1.2	0.9	1.4	1.2	0.9	1.7	0.8	1.7
chr7	92682609	92682610	0.825	MEAN_RETIC_VOL	1.1	1	1.5	4.2	1.7	3.4	3.5	5	4.2	3.4	2	2
chr7	92247112	92247113	0.3573	MEAN_RETIC_VOL	0.5	0.4	0.9	1.2	0.9	1.9	1.4	1.2	1.4	1.8	1.6	2.1
chr7	92260260	92260261	0.1434	MEAN_RETIC_VOL	0.7	0.5	0.7	1.6	1.1	1.8	3.2	1.7	2.9	5.4	2.9	2.5
chr7	148768586	148768587	0.9944	MEAN_RETIC_VOL	1.7	1.9	1.9	2.2	4	3.1	2.6	2.5	2	2	2.8	3.3
chr7	33081514	33081515	0.188	MEAN_RETIC_VOL	0.6	0.9	4.2	15.2	1.6	12.9	15.6	22.1	42.5	27.9	27.5	12.9
chr7	33037893	33037894	0.14	MEAN_RETIC_VOL	3	3	2	2.4	1.7	2.5	2.8	2.8	1.1	1	1.4	1.6
chr1	47676525	47676526	0.1832	MEAN_RETIC_VOL	0.4	0.6	0.5	1.3	2	3.8	2.8	2.8	2.7	4	2.7	3.6
chr7	21397471	21397472	0.4118	MEAN_RETIC_VOL	0.4	0.8	2.3	13.1	2.6	6.9	9	7.4	3.6	2.5	1.9	1.4
chr7	21397405	21397406	0.1992	MEAN_RETIC_VOL	0.4	0.8	2.3	13.1	2.6	6.9	9	7.4	3.6	2.5	1.9	1.4
chr7	21397448	21397449	0.1932	MEAN_RETIC_VOL	0.4	0.8	2.3	13.1	2.6	6.9	9	7.4	3.6	2.5	1.9	1.4
chr8	41630447	41630448	1	MEAN_RETIC_VOL	0.3	1	4.3	16.7	5	24.8	29.3	39.7	69.7	63.3	62.2	27.9
chr8	41545516	41545517	0.3896	MEAN_RETIC_VOL	0.3	0.4	0.8	1.2	2	2.4	2.8	2.5	3	4.2	3.4	3
chr8	41540622	41540623	0.1013	MEAN_RETIC_VOL	0.4	0.4	0.5	1.7	2.8	3.5	3.9	3	4	5.8	6.3	4.3
chr8	21779937	21779938	0.1304	MEAN_RETIC_VOL	6.9	7.4	6	5.2	4	7.1	9.2	10.3	14.4	12.6	17.5	16.4
chr9	4852599	4852600	0.3419	MEAN_RETIC_VOL	0.1	0.4	1.1	6.9	2.3	26.2	31.7	46.1	71.6	57.8	64.8	41.9
chr9	100782695	100782696	0.1056	MEAN_RETIC_VOL	0.3	0.7	1.1	1.5	3.3	4.3	3.1	2.5	3.9	3	4.1	3
chr9	135860412	135860413	0.9851	MEAN_RETIC_VOL	1.1	2.1	2.8	6.3	5.9	28.1	36.6	47.7	75.8	50.4	20.5	6.5
chr9	115914583	115914584	0.537	MEAN_RETIC_VOL	1.2	0.9	1	1.5	1.2	2.3	1.4	1.6	1.4	1.1	1.4	1.2
chr10	81807004	81807005	0.135	MEAN_RETIC_VOL	5.9	5.9	4.5	5.4	4.7	5	4.5	2.9	3.1	3.3	3.6	4.4
chr10	45406608	45406609	0.1829	MEAN_RETIC_VOL	2.4	1.5	3.9	14.8	2.8	8.1	7.5	7.7	1.6	0.8	1.9	1.7
chr10	3886904	3886905	1	MEAN_RETIC_VOL	0	0.1	0.2	1	0.3	2.1	2.6	4.5	6.6	1.5	1.3	0.7
chr10	101280279	101280280	0.1308	MEAN_RETIC_VOL	27.7	21.5	11.9	12.1	4.5	5.1	3.8	2.3	1	1.2	1.5	1.1
chr10	71094504	71094505	0.7526	MEAN_RETIC_VOL	1.9	2.1	5	13.6	4.2	26.9	32.5	34.6	56	41.6	37.5	15.1
chr10	72590090	72590091	0.146	MEAN_RETIC_VOL	1.4	1.1	0.9	0.7	1.1	0.6	0.3	0.4	0.4	0.8	0.6	0.7
chr10	89676310	89676311	0.1287	MEAN_RETIC_VOL	0.2	0.7	1.2	1.4	1.4	1.4	1.6	1.2	0.9	1	0.8	1.4
chr10	89639056	89639057	0.1112	MEAN_RETIC_VOL	13.3	14.8	13.8	19	4.5	12.9	11.7	10.5	3.8	2.2	1.7	1.4
chr14	74208345	74208346	0.3554	RETIC_COUNT	28.9	27.4	20.6	26.4	18.4	44.7	48.9	56.4	86.5	70.4	76.1	43.4
chr6	28763792	28763793	0.11	RETIC_COUNT	0.4	0.5	0.5	0.8	3	5.9	7.1	6.8	1.7	1.6	1	1.7
chr17	76117570	76117571	0.771	RETIC_COUNT	3.3	2.6	2.2	2.2	3.4	4.1	3.3	3.7	3.3	4.7	2.3	2.8
chr17	75370468	75370469	0.1298	RETIC_COUNT	9.2	10.4	7.6	6.3	13.9	6.8	6.2	2.7	1.6	1.2	1.9	1.2
chr16	218532	218533	0.5785	RETIC_COUNT	0.2	0.3	0.3	0.8	1.9	3.9	4.1	3.7	10.3	15.5	13.8	11.1
chr16	215379	215380	0.283	RETIC_COUNT	0.4	0.8	0.5	0.9	3.6	2.1	4.3	5.7	6.3	8.8	5.8	6.4
chr16	357744	357745	0.2544	RETIC_COUNT	0.1	0.5	0.8	1.2	4.5	2.4	1.8	1.6	1.1	3	1.8	2.1
chr16	215106	215107	0.1714	RETIC_COUNT	0.4	0.8	0.5	0.9	3.6	2.1	4.3	5.7	6.3	8.8	5.8	6.4
chr16	88858646	88858647	0.1125	RETIC_COUNT	1.6	1.6	2	3	5.6	13.2	13.2	10.2	4.9	4.9	4.3	3.9
chr17	74383107	74383108	0.6824	RETIC_COUNT	0.3	0.4	0.6	1	3.4	4.1	3.4	3.2	3.4	4.9	4.2	4.4
chr17	73769540	73769541	0.2809	RETIC_COUNT	0.3	0.9	1.3	2.1	3.6	2.3	3.9	2.5	3	3.9	3.2	4.2
chr17	74410792	74410793	0.1874	RETIC_COUNT	5.1	6.3	6.9	10.3	8.6	26.4	29.9	32.2	30.4	22.1	17.6	9.7
chr17	74383109	74383110	0.1302	RETIC_COUNT	0.3	0.4	0.6	1	3.4	4.1	3.4	3.2	3.4	4.9	4.2	4.4
chr17	75370468	75370469	0.12	RETIC_COUNT	9.2	10.4	7.6	6.3	13.9	6.8	6.2	2.7	1.6	1.2	1.9	1.2
chr17	74378312	74378313	0.1007	RETIC_COUNT	1	1.1	1.1	0.6	3.6	2.4	1.8	1.2	1.7	2	1.5	1.3
chr18	43769305	43769306	0.1036	RETIC_COUNT	0.2	0.4	0.7	3.2	1.4	2.2	2.2	1.9	1.8	2.1	2.1	1.1
chr19	10342013	10342014	0.3106	RETIC_COUNT	4	5.1	3.6	3.4	9.5	5.8	7.5	5.8	3.3	3.2	2.5	3.2
chr19	10347032	10347033	0.1842	RETIC_COUNT	1.7	1.3	2.1	1.2	4.8	2.2	2.6	1.6	0.9	1.5	1.9	1.6
chr19	913048	913049	1	RETIC_COUNT	2.6	2.1	1.9	1.9	5.9	6.2	6.3	7.9	11	11.7	14.1	17
chr19	45414399	45414400	0.8725	RETIC_COUNT	3.6	4.1	5.3	12.9	6.4	42.5	49.8	62.3	47.6	30.6	27.3	12.4
chr19	49375525	49375526	0.8734	RETIC_COUNT	5.8	5.6	6.8	6.7	18.2	19.8	20.4	20.2	28.7	24.8	28.3	30
chr19	12998205	12998206	0.736	RETIC_COUNT	0.3	0.4	1.4	5.7	4	21.1	27.4	31.9	42.6	32.7	30.1	16.9
chr2	8756183	8756184	0.2427	RETIC_COUNT	0.2	0.3	1.9	14.8	3	24.5	35.9	57.7	90.4	75.2	79.6	36.4
chr20	4157072	4157073	0.9999	RETIC_COUNT	0.1	0.2	0.4	1.5	0.9	4.5	5.7	7.9	12.6	10	13.3	7
chr20	55990405	55990406	0.5349	RETIC_COUNT	4.1	5	12.1	32.2	7	88.2	105.5	141.4	248.9	204	231.8	133.4
chr20	55985136	55985137	0.1285	RETIC_COUNT	2.6	6.4	11.6	15.7	4.2	28.4	34.2	46.5	75.9	66	76.7	43.5
chr20	55973344	55973345	0.1141	RETIC_COUNT	29.8	25.7	12.8	5.1	10.1	4.3	4.2	2.9	3.9	7.4	5.9	6.1
chr3	50329826	50329827	0.95	RETIC_COUNT	22.2	25.4	30.3	32.4	42.2	53.5	54.8	59.7	84.5	76.8	94.4	94.5
chr1	3691528	3691529	0.9321	RETIC_COUNT	0.6	0.6	1.1	4.8	6.4	30	37.2	44.8	33.5	20.9	13.7	9.2
chr5	52095943	52095944	0.996	RETIC_COUNT	30.4	31.7	24	21.3	16.7	17.6	15.1	15.2	18.5	17.8	23.5	18.1
chr5	52095934	52095935	0.225	RETIC_COUNT	30.4	31.7	24	21.3	16.7	17.6	15.1	15.2	18.5	17.8	23.5	18.1
chr5	52083226	52083227	0.2108	RETIC_COUNT	2.7	2.7	2	2.3	1.4	1.8	1.6	1.2	0.8	1.7	1.3	2.1
chr5	52095024	52095025	0.2084	RETIC_COUNT	6.9	6.1	5.4	5.3	3	2.3	1.9	1.2	1.1	1.3	2.5	1.5
chr5	52080909	52080910	0.1382	RETIC_COUNT	1.1	1.5	3.5	1	5.3	0.1	0.7	0.5	0.6	1	0.9	1
chr5	172661865	172661866	1	RETIC_COUNT	1.6	1.9	2.2	2.2	4.2	3.6	2.3	1.7	1.2	1.8	2	3.5
chr5	173287851	173287852	0.508	RETIC_COUNT	0.1	0.3	0.9	13.3	3.4	35.5	47.3	73	110.6	73.3	76.2	29.2
chr5	173287763	173287764	0.4653	RETIC_COUNT	0.1	0.3	0.9	13.3	3.4	35.5	47.3	73	110.6	73.3	76.2	29.2
chr5	154027216	154027217	0.1931	RETIC_COUNT	5.4	5.5	5.8	4.9	5.8	4.8	4.8	4.5	4.6	4.3	4.9	4.7
chr5	154033833	154033834	0.108	RETIC_COUNT	15.4	25.4	42.3	59.9	7.6	39.8	48.4	69.1	120.7	92.2	117.6	80.2
chr5	95163437	95163438	0.9676	RETIC_COUNT	0.7	0.8	1.7	5.2	2	10.8	17.3	21.7	6.8	3.1	2	2.2
chr5	95163449	95163450	0.2131	RETIC_COUNT	0.7	0.8	1.7	5.2	2	10.8	17.3	21.7	6.8	3.1	2	2.2
chr5	95166235	95166236	0.1739	RETIC_COUNT	0.3	0.2	0.5	2.5	1.2	3	4.1	4.9	2.9	1.8	1.6	2.2
chr6	139841653	139841654	0.4139	RETIC_COUNT	0.3	0.2	3.7	0.7	3.3	1.2	1.1	1.1	0.8	1	1.2	1.8
chr6	41925159	41925160	0.9607	RETIC_COUNT	0	0.3	0.5	2.5	0.5	5.7	8.7	12.1	23.8	17.6	13.4	32.3
chr6	41924998	41924999	0.4779	RETIC_COUNT	0	0.3	0.5	2.5	0.5	5.7	8.7	12.1	23.8	17.6	13.4	32.3
chr6	41932224	41932225	0.281	RETIC_COUNT	0.1	0.2	0.3	1	1.4	2.5	4.2	3.9	3.1	4.6	4.4	2.7
chr1	118251143	118251144	0.999	RETIC_COUNT	0.5	0.5	0.7	2.8	1.7	8.9	8.1	14.8	21	12.6	7.9	3.9
chr1	118174222	118174223	0.1953	RETIC_COUNT	0.2	0.5	1.2	2	1.6	2	1.6	1.6	1.5	2.3	2.8	2.4
chr1	118156053	118156054	0.1664	RETIC_COUNT	14.6	16.6	19.2	31.5	3.9	18.7	18	13.7	14.3	9.7	12.7	8.7
chr1	118174116	118174117	0.1641	RETIC_COUNT	0.2	0.5	1.2	2	1.6	2	1.6	1.6	1.5	2.3	2.8	2.4
chr1	118153011	118153012	0.1467	RETIC_COUNT	0.6	0.9	1	1.4	2	3.7	2.8	2.5	3.3	5.5	5	5.9
chr6	16322978	16322979	0.1624	RETIC_COUNT	4.2	3.9	6.7	2.7	6.2	3.2	1.2	2	3.1	4.3	3	3.6
chr6	43757896	43757897	0.2732	RETIC_COUNT	0	0.2	1.3	0.7	5.1	2.2	1.6	1.6	1.8	2	2.1	2.4
chr7	148768586	148768587	1	RETIC_COUNT	1.7	1.9	1.9	2.2	4	3.1	2.6	2.5	2	2	2.8	3.3
chr1	155271433	155271434	0.3438	RETIC_COUNT	0	0.2	0.2	2.9	2	10.5	14.7	15.2	5.7	2.2	2.1	2.6
chr1	155484430	155484431	0.2593	RETIC_COUNT	1.2	1.6	3.9	6	2.5	3.1	2.4	2.1	0.8	1.1	1	1
chr7	16699977	16699978	0.2665	RETIC_COUNT	0.3	0.3	0.7	2.4	2.3	6.9	8.7	11.7	17.2	14.2	16	5.3
chr7	16731042	16731043	0.1838	RETIC_COUNT	0.3	0.3	0.6	2.1	1.6	8.4	12	18.7	35.1	27.7	18.6	6.7
chr8	41630447	41630448	0.9972	RETIC_COUNT	0.3	1	4.3	16.7	5	24.8	29.3	39.7	69.7	63.3	62.2	27.9
chr8	41545516	41545517	0.1297	RETIC_COUNT	0.3	0.4	0.8	1.2	2	2.4	2.8	2.5	3	4.2	3.4	3
chr8	9030160	9030161	0.57	RETIC_COUNT	0.7	1	1.9	3.3	1.7	2.3	1.9	3	2.3	3.2	2.5	4.3
chr8	116670347	116670348	0.1016	RETIC_COUNT	1.3	1.9	1.5	1.6	1.4	1.1	1.1	0.4	0.9	1.1	1.6	1.1
chr9	135861990	135861991	0.715	RETIC_COUNT	1	1	1.2	1	3.6	7.6	9.6	6.6	6.2	7.6	6.4	4.1
chr10	25218243	25218244	0.1009	RETIC_COUNT	9	7.5	4	2.6	1.4	1	0.9	0.5	1	1.7	0.4	1
chr10	71094504	71094505	0.8191	RETIC_COUNT	1.9	2.1	5	13.6	4.2	26.9	32.5	34.6	56	41.6	37.5	15.1
chr11	116623213	116623214	0.1048	RETIC_COUNT	0.2	0.2	2.4	1.4	1.4	1	0.8	0.9	0.5	1.1	0.8	1.9
chr11	16402901	16402902	0.3197	RETIC_COUNT	0.2	0.3	0.3	1.6	0.6	2.5	3.7	7.2	12.2	9	6.5	3
chr11	16630779	16630780	0.1519	RETIC_COUNT	1.6	1.6	1.6	1.4	1.6	1	1.6	0.9	2.2	3.5	2.5	2.3
chr11	9770250	9770251	0.1982	RETIC_COUNT	7.7	7	7.6	6.5	9.5	9.5	10	9.1	9.1	5.9	8.1	5.3
chr12	54698408	54698409	0.2577	RETIC_COUNT	52.4	54.9	51.4	46.7	53.4	62.7	63.5	76.6	112.8	95.1	92.5	55.1
chr1	199010721	199010722	0.253	MCV	28.2	28.8	23.6	31.7	14.2	8.5	5.4	2.6	0.9	0.8	0.7	1.2
chr7	50427982	50427983	1	MCV	1.2	1.1	2	4.8	3.4	8.1	11.7	13.4	13	10.2	8	12.6
chr7	100240296	100240297	0.2226	MCV	0.5	0.6	2	4.9	2.2	14.3	15.9	15.8	16.6	14.7	19.6	12.8
chr7	92682609	92682610	0.7889	MCV	1.1	1	1.5	4.2	1.7	3.4	3.5	5	4.2	3.4	2	2
chr7	92260260	92260261	0.2821	MCV	0.7	0.5	0.7	1.6	1.1	1.8	3.2	1.7	2.9	5.4	2.9	2.5
chr7	92239531	92239532	0.2646	MCV	2.7	2.3	3.9	4.3	1.7	1.7	2.2	1.8	1.9	2	1.4	1.7
chr7	3105392	3105393	0.1385	MCV	0.7	0.7	1	1.8	1.7	2.2	3.3	3.6	2.5	2.5	1.5	2.6
chr7	148768586	148768587	1	MCV	1.7	1.9	1.9	2.2	4	3.1	2.6	2.5	2	2	2.8	3.3
chr7	149153834	149153835	0.3486	MCV	0.7	0.7	1.5	2.3	3.1	7.3	10.8	12.6	5.8	3.9	4.3	4.1
chr7	149261825	149261826	0.1236	MCV	0.1	0.2	0.1	1.9	1.1	5	8.7	9.1	4.2	1.8	2.1	2.2
chr1	23840570	23840571	0.2069	MCV	0.1	0.1	0.2	0.4	1.2	1.6	4.1	9.3	39.6	52.3	81.2	48.1
chr1	23840615	23840616	0.1625	MCV	0.1	0.1	0.2	0.4	1.2	1.6	4.1	9.3	39.6	52.3	81.2	48.1
chr7	5234362	5234363	0.1939	MCV	0.2	0.3	0.5	3.2	1.9	4.3	2.9	3.7	5.1	3	1.6	2.5
chr7	5234662	5234663	0.1054	MCV	0.2	0.3	0.5	3.2	1.9	4.3	2.9	3.7	5.1	3	1.6	2.5
chr8	21779937	21779938	0.1306	MCV	6.9	7.4	6	5.2	4	7.1	9.2	10.3	14.4	12.6	17.5	16.4
chr8	41630447	41630448	0.9665	MCV	0.3	1	4.3	16.7	5	24.8	29.3	39.7	69.7	63.3	62.2	27.9
chr8	41509842	41509843	0.3512	MCV	0.9	0.5	0.8	4.5	1.4	6.2	8	6.5	7.1	6.7	7.2	4.6
chr8	41545076	41545077	0.1314	MCV	0.3	0.4	0.8	1.2	2	2.4	2.8	2.5	3	4.2	3.4	3
chr8	130604563	130604564	0.1299	MCV	3	3.7	6	3.3	11.1	3.7	0.6	1.4	0.7	1.4	1.2	1
chr8	30280833	30280834	0.1564	MCV	104.7	100.6	78.3	73.6	16.7	13.6	12.5	6.8	1.4	1.1	1.4	2.2
chr8	30280630	30280631	0.1343	MCV	104.7	100.6	78.3	73.6	16.7	13.6	12.5	6.8	1.4	1.1	1.4	2.2
chr9	4855858	4855859	0.5687	MCV	0.3	0.7	0.7	2.4	1.4	3.4	3.1	1.9	1.8	4.7	4.5	4.5
chr9	4852599	4852600	0.1865	MCV	0.1	0.4	1.1	6.9	2.3	26.2	31.7	46.1	71.6	57.8	64.8	41.9
chr9	135860412	135860413	0.4827	MCV	1.1	2.1	2.8	6.3	5.9	28.1	36.6	47.7	75.8	50.4	20.5	6.5
chr9	140117933	140117934	0.3945	MCV	9	10.3	8.3	9.7	27.2	29	30	39.2	39.9	32.5	33.6	29.4
chr9	140117968	140117969	0.294	MCV	9	10.3	8.3	9.7	27.2	29	30	39.2	39.9	32.5	33.6	29.4
chr9	140100317	140100318	0.1911	MCV	4.8	4.1	5.2	5.4	13.7	13.4	14.5	13.7	17.1	13.5	13.7	16.7
chr10	45406608	45406609	0.3714	MCV	2.4	1.5	3.9	14.8	2.8	8.1	7.5	7.7	1.6	0.8	1.9	1.7
chr10	46096500	46096501	0.2238	MCV	5.9	5.3	3.6	3.2	3.1	1.9	2.8	2.5	2.2	3.2	2.9	5.2
chr10	71094504	71094505	0.9912	MCV	1.9	2.1	5	13.6	4.2	26.9	32.5	34.6	56	41.6	37.5	15.1
chr10	51577841	51577842	0.3163	MCV	1.2	1.2	1.3	2.5	0.8	0.9	1.5	1.2	1.5	3.2	2.6	2
chr10	51575535	51575536	0.2884	MCV	0.5	0.4	1	1.4	2.5	2.8	2.4	1.5	3.3	4.5	5.8	3.8
chr10	64916651	64916652	0.1419	MCV	0.6	0.6	0.5	1.4	0.8	1	1.6	1.3	1.3	2	1.9	2.4
chr10	64899893	64899894	0.139	MCV	0.4	0.2	0.7	1.3	1.4	3	3.4	2.4	1.8	2.3	1.6	0.8
chr10	103872328	103872329	0.2733	MCV	0.7	1.2	5.6	14.1	7.2	33.6	38.1	41.7	24.4	11.2	5.3	4.3
chr11	16758246	16758247	0.49	MCV	0.9	0.7	0.7	0.7	1.2	0.7	0.9	0.7	0.6	0.6	0.9	1.9
chr11	67184725	67184726	0.1938	MCV	1.1	1.6	1.5	1.9	6.5	6.9	8.3	7.3	5.9	7.5	11.7	13
chr11	2320884	2320885	0.218	MCV	1.3	1	0.8	1	5	3.8	3.5	3	2.4	3.1	3.1	3.2
chr11	94886632	94886633	0.9779	MCV	11.7	20.8	46.7	61.9	5.9	35	50	74.6	164.4	124.7	112.4	39.3
chr12	4330068	4330069	0.1953	MCV	0	0.1	2	4.1	1.9	3.8	3.6	3	1.4	1	0.8	1.6
chr12	121157851	121157852	0.1922	MCV	2.9	2.8	2.1	6.7	3.1	8.7	9.4	11.5	8.2	6.9	5.5	5.6
chr12	122465836	122465837	0.1119	MCV	0.6	0.3	0.8	1.9	2	2.5	1.8	1.8	0.9	1.6	1.4	1.2
chr12	57146069	57146070	0.9526	MCV	4.6	4.9	6.2	8.2	12.1	13.2	14.8	17.9	18.1	13.6	11	7.6
chr12	133047979	133047980	0.809	MCV	29	25.8	27.1	28.2	13.4	29.5	31.3	27.7	12	2.8	1.6	2.9
chr12	133049093	133049094	0.1847	MCV	0.6	0.4	0.4	0.5	3.7	2	1.8	1.2	2.8	1.9	1.9	2.4
chr12	133047851	133047852	0.1455	MCV	29	25.8	27.1	28.2	13.4	29.5	31.3	27.7	12	2.8	1.6	2.9
chr14	65520353	65520354	0.1381	MCV	1.5	1.9	1.5	0.6	3.1	1.6	1.2	1	1.1	1.8	1.5	1.3
chr14	102994065	102994066	0.2164	MCV	0.3	0.3	0.3	0.6	2	5.4	9	6.5	2.8	4.8	5	4.9
chr15	65998846	65998847	0.3655	MCV	1.1	1	1.4	1	0.8	0.8	0.1	0.5	0.4	1.1	0.9	1
chr15	31548996	31548997	0.1671	MCV	1.1	1.6	10	31.1	5.9	52.1	65.8	96.9	180.9	124.9	102	31.3
chr16	170076	170077	1	MCV	0.1	0.1	0.3	1.6	3.4	10.6	16.5	23.5	47.2	53	48.1	22.8
chr16	163598	163599	0.2048	MCV	1.8	2.9	7.8	15.9	9.8	64.1	78	99.9	183.7	133.2	154.7	124.4
chr16	87886490	87886491	0.6157	MCV	0.2	0.1	0.3	1.7	3.6	11.8	14.9	18.7	29.7	23.6	23.6	11.4
chr16	89043454	89043455	0.3805	MCV	25	23.3	14	11.4	26.6	31.1	29.2	26.7	22.3	18.8	12.9	9.7
chr16	88566411	88566412	0.2648	MCV	2.7	2.9	5.6	4.4	13.7	18.8	16.9	12.7	7.3	7.9	6.6	7.5
chr16	87886726	87886727	0.2232	MCV	0.2	0.1	0.3	1.7	3.6	11.8	14.9	18.7	29.7	23.6	23.6	11.4
chr16	87886545	87886546	0.1381	MCV	0.2	0.1	0.3	1.7	3.6	11.8	14.9	18.7	29.7	23.6	23.6	11.4
chr16	30103160	30103161	0.3537	MCV	15.5	17	18.2	18.7	29.4	29.8	29	29.8	35.2	29.7	34.1	30.1
chr16	67250992	67250993	0.8489	MCV	8.2	9.7	8.7	8.8	7.5	13.9	12.7	12.3	9.5	9.4	6.9	4.6
chr17	76183233	76183234	0.4019	MCV	12.3	13	13.3	15.6	40	45.6	50.5	50.6	68.2	50.6	57.3	52.2
chr17	76184224	76184225	0.1056	MCV	0.2	0.2	0.6	2	3.1	5.6	6	6.8	4	5.2	2.9	2.5
chr17	67081278	67081279	0.9941	MCV	1	0.7	0.6	0.5	1.4	1.1	0.7	0.8	0.9	1.4	1	0.7
chr2	112250758	112250759	0.3466	MCV	0.1	0.1	1.1	2.1	0.8	8	8.1	11.1	8	4.8	1.6	1.2
chr2	112252585	112252586	0.1192	MCV	0.3	0.2	0.1	0.1	0.8	0.7	1.9	1.6	2.2	2.4	2.6	2.4
chr17	1958536	1958537	0.1527	MCV	4.9	5.8	4.4	4.9	12.3	10.6	12.4	13.3	12.9	11.1	10.3	10.1
chr17	1958609	1958610	0.1061	MCV	4.9	5.8	4.4	4.9	12.3	10.6	12.4	13.3	12.9	11.1	10.3	10.1
chr17	38183505	38183506	0.1541	MCV	2.5	2.9	2.8	3.4	8.1	10.7	13.2	12.3	8.2	8.8	8.3	8.6
chr18	60920854	60920855	1	MCV	22.2	19.8	19.8	15.9	11.2	2.8	1.2	0.5	0.8	1.2	0.9	0.6
chr19	33754548	33754549	1	MCV	0.1	0.3	3.8	1.8	16	5.3	4.8	6.4	2.2	2.1	1.9	1.2
chr19	33072069	33072070	0.3139	MCV	27	25.5	19.6	18.6	40.9	30.3	33.6	37.4	50	48	51.8	37.6
chr19	33072085	33072086	0.2968	MCV	27	25.5	19.6	18.6	40.9	30.3	33.6	37.4	50	48	51.8	37.6
chr19	12994618	12994619	0.2192	MCV	0.1	0	0.5	1.3	3.9	5	8	7.3	18.9	17.8	22.5	18.4
chr19	12996500	12996501	0.1941	MCV	4.2	4.5	5.5	3.7	15.7	14.1	12.1	12.5	14.7	17.4	18.2	18.5
chr19	12911252	12911253	0.1012	MCV	0.2	0.4	0.3	1.3	5.3	10.3	14.2	21.4	38.8	26.3	20.2	7.3
chr2	60718347	60718348	0.915	MCV	0.6	0.8	2.5	8.3	2	9.3	11.1	16.6	33	26.4	17.8	5.5
chr19	18415743	18415744	0.2154	MCV	18.9	17.6	10.4	5.8	17.6	17.1	20	13.7	13.5	11.7	11	7.8
chr19	1855583	1855584	1	MCV	6.9	6.7	6.9	7.5	35.6	35.4	45.1	53.8	48.4	36.8	42.7	31.7
chr20	55990405	55990406	0.4345	MCV	4.1	5	12.1	32.2	7	88.2	105.5	141.4	248.9	204	231.8	133.4
chr20	31108108	31108109	0.2896	MCV	0.1	0.1	0.4	1.4	2	9.4	11.9	14.1	10.1	5.7	3.4	1.8
chr20	31108088	31108089	0.1839	MCV	0.1	0.1	0.4	1.4	2	9.4	11.9	14.1	10.1	5.7	3.4	1.8
chr20	52230030	52230031	0.6745	MCV	0.4	0.5	0.9	3	0.3	4.1	4.2	5.4	3.9	4.5	7.3	5.8
chr20	3742066	3742067	0.1723	MCV	4.8	3.7	2.2	0.7	1.2	1.2	1	0.9	0.9	1.7	0.9	1.3
chr20	3747759	3747760	0.1564	MCV	3.6	4.9	4.2	6.7	4.7	10.9	14.2	19.5	36.8	27.3	20.9	13.1
chr22	36758547	36758548	0.2682	MCV	0.5	0.4	0.5	1.1	1.2	1.5	2.7	2.2	3.4	2.6	1.9	1.9
chr22	36766481	36766482	0.1279	MCV	2.3	2.5	3	2.9	8.4	7.6	7.8	8.3	8.6	7.9	5.1	4.4
chr22	37484337	37484338	0.1131	MCV	0.1	0.2	0.2	0.7	2.2	2.6	3.3	3.1	1.1	1.9	1.2	2.1
chr22	50964153	50964154	0.9227	MCV	16.2	16.6	16.5	17.1	39.4	39.4	41.1	45.2	45	33.1	25	26.9
chr22	50978262	50978263	0.5085	MCV	8.5	7.5	6.6	6.4	12.6	11.6	8.5	7.7	8.3	7.1	12	8.3
chr2	8756183	8756184	0.3424	MCV	0.2	0.3	1.9	14.8	3	24.5	35.9	57.7	90.4	75.2	79.6	36.4
chr2	64975919	64975920	0.1731	MCV	1.1	0.8	0.8	1	2	1.5	2	1.1	1.1	1.3	1.7	1.4
chr2	58985331	58985332	0.1165	MCV	16.5	14.6	14.2	16.6	5.3	7.7	7	6.7	6.3	3	2.7	2.4
chr2	58992235	58992236	0.1051	MCV	4.1	3.2	2	2.5	1.2	0.7	0.3	0.8	0.4	0.7	0.5	0.5
chr1	47676525	47676526	0.1802	MCV	0.4	0.6	0.5	1.3	2	3.8	2.8	2.8	2.7	4	2.7	3.6
chr3	16852375	16852376	0.2636	MCV	10.2	9.8	6.5	4.6	2	1.5	0.9	1.1	0.5	0.9	0.8	0.7
chr3	50329826	50329827	0.1485	MCV	22.2	25.4	30.3	32.4	42.2	53.5	54.8	59.7	84.5	76.8	94.4	94.5
chr3	71254751	71254752	0.5393	MCV	0.5	0.5	1.2	0.8	1.4	0.8	1.1	0.5	0.6	1.2	1.4	2
chr3	133467377	133467378	0.9077	MCV	0.2	0.3	0.5	2.8	1.1	1.1	1.5	2	0.9	1.4	1.7	1.3
chr3	66452973	66452974	0.1434	MCV	0.2	0.4	0.8	1	2.3	1.4	1.2	1.2	1.1	1.8	1.8	3.2
chr3	66448307	66448308	0.128	MCV	0.5	0.4	2	0.8	4.7	1.8	1.4	0.9	2.2	1.7	1.3	2
chr4	55408999	55409000	1	MCV	8.5	10	18.9	23.6	2.6	15.2	19.4	17.4	2.9	1.8	2.5	2.6
chr5	1104938	1104939	0.9775	MCV	24.5	22	14.7	13.2	8.4	12.4	12.6	13	9	8	10.5	8.9
chr5	154027482	154027483	0.5168	MCV	5.4	5.5	5.8	4.9	5.8	4.8	4.8	4.5	4.6	4.3	4.9	4.7
chr5	154346259	154346260	0.381	MCV	0.3	0.4	0.8	0.6	2	1.5	1	1	0.8	1.4	2.1	1.4
chr5	172661865	172661866	1	MCV	1.6	1.9	2.2	2.2	4.2	3.6	2.3	1.7	1.2	1.8	2	3.5
chr1	203281175	203281176	0.9994	MCV	0.2	1.3	6.9	16.7	4.7	26.3	30.9	46.6	56.9	40.6	23.8	11.4
chr5	88191635	88191636	0.6896	MCV	2.4	1.3	1	1.4	1.1	0.8	0.7	0.6	0.6	1.3	1.5	2.1
chr5	88125853	88125854	0.144	MCV	0.5	0.6	1.1	1.4	1.4	1.6	0.8	0.9	1.2	1.9	1.2	1.6
chr5	102595837	102595838	0.1107	MCV	1.3	1.4	1.1	1.5	1.4	1	1.4	1.3	1.9	2.1	2.3	1.3
chr6	135418635	135418636	0.901	MCV	0.1	0.3	4	16.1	1.4	8.9	9.6	14.1	8.2	2.9	2.3	0.7
chr6	135431640	135431641	0.3313	MCV	5	8.5	15.6	14.4	3.9	12.6	14.8	17.8	7	3.1	1.8	2.1
chr6	135415004	135415005	0.1915	MCV	0.2	0.5	4.6	12.8	5.1	11.4	10.9	7.9	1.5	0.8	1.4	0.9
chr6	41924998	41924999	1	MCV	0	0.3	0.5	2.5	0.5	5.7	8.7	12.1	23.8	17.6	13.4	32.3
chr6	41925159	41925160	0.9987	MCV	0	0.3	0.5	2.5	0.5	5.7	8.7	12.1	23.8	17.6	13.4	32.3
chr6	41909521	41909522	0.9714	MCV	6.8	7.6	11.2	13.1	23.7	25.6	24.2	27.6	33.2	29.6	25.7	21.8
chr6	139841653	139841654	0.5927	MCV	0.3	0.2	3.7	0.7	3.3	1.2	1.1	1.1	0.8	1	1.2	1.8
chr6	26233882	26233883	0.1049	MCV	16.9	14.7	9.4	14.6	12.8	17.8	16.7	18.4	16.9	11.6	6.4	4.8
chr1	118251143	118251144	0.9997	MCV	0.5	0.5	0.7	2.8	1.7	8.9	8.1	14.8	21	12.6	7.9	3.9
chr1	118153977	118153978	0.1916	MCV	0.7	1.3	5.3	20.9	3.1	24	32.1	40.6	64.2	58.3	67.9	42.1
chr6	36602027	36602028	1	MCV	1.1	1.1	1.2	2.4	3.6	3.8	2.8	2.4	1.1	1.4	1	1.6
chr2	46293826	46293827	0.6904	RBC_COUNT	0.1	0.1	1	0.6	0.9	0.7	0.9	0.2	0.5	1.2	1.4	1.4
chr16	88858646	88858647	0.794	RBC_COUNT	1.6	1.6	2	3	5.6	13.2	13.2	10.2	4.9	4.9	4.3	3.9
chr16	88572019	88572020	0.1028	RBC_COUNT	0.7	0.8	0.9	2.3	5.1	13.7	16.5	21.2	18.2	18.6	16.2	15.4
chr16	30103160	30103161	0.8901	RBC_COUNT	15.5	17	18.2	18.7	29.4	29.8	29	29.8	35.2	29.7	34.1	30.1
chr16	67969930	67969931	0.1232	RBC_COUNT	21	17.7	18.3	21	19.3	36.8	41	37.7	31.8	33.1	46.9	34.6
chr16	67967878	67967879	0.107	RBC_COUNT	0.6	0.8	0.7	1.3	4.4	3.6	4.7	4.4	3.2	4.9	3.6	2.1
chr17	27206029	27206030	0.2311	RBC_COUNT	0.3	0.7	0.9	1.9	2.5	3.6	5	5.7	7.3	10.6	11.1	8.4
chr2	112250758	112250759	0.6261	RBC_COUNT	0.1	0.1	1.1	2.1	0.8	8	8.1	11.1	8	4.8	1.6	1.2
chr2	60718043	60718044	0.844	RBC_COUNT	0.6	0.8	2.5	8.3	2	9.3	11.1	16.6	33	26.4	17.8	5.5
chr2	60610681	60610682	0.1262	RBC_COUNT	10.1	10.5	9.5	7.9	2	1.3	0.7	0.8	0.7	1.5	1.2	2
chr17	7816486	7816487	0.4798	RBC_COUNT	1	1.2	1.3	1.9	6.1	5.9	5.8	5.9	5.3	6	4.5	4.3
chr17	59468942	59468943	0.5196	RBC_COUNT	0.8	0.9	0.6	1.1	3	2.3	3.2	1.6	1.9	1.9	1.9	3
chr18	60920854	60920855	0.9998	RBC_COUNT	22.2	19.8	19.8	15.9	11.2	2.8	1.2	0.5	0.8	1.2	0.9	0.6
chr19	33754548	33754549	1	RBC_COUNT	0.1	0.3	3.8	1.8	16	5.3	4.8	6.4	2.2	2.1	1.9	1.2
chr19	18415743	18415744	0.1297	RBC_COUNT	18.9	17.6	10.4	5.8	17.6	17.1	20	13.7	13.5	11.7	11	7.8
chr19	45715717	45715718	0.1039	RBC_COUNT	1.8	1.8	0.6	0.5	2.3	3.1	2.6	3.3	1.5	1.7	2.4	2.1
chr20	49100045	49100046	0.3077	RBC_COUNT	6.9	6.7	6.1	6.1	15.9	16.3	16.2	16.5	10	10.2	13.6	10
chr20	55990405	55990406	0.7665	RBC_COUNT	4.1	5	12.1	32.2	7	88.2	105.5	141.4	248.9	204	231.8	133.4
chr20	52230030	52230031	0.1958	RBC_COUNT	0.4	0.5	0.9	3	0.3	4.1	4.2	5.4	3.9	4.5	7.3	5.8
chr21	16576783	16576784	0.2751	RBC_COUNT	4.2	3.2	1.2	1.4	1.1	0.3	0.9	0.7	0.6	1	0.6	0.7
chr21	38071367	38071368	0.1183	RBC_COUNT	2.4	2.5	1.6	1.5	2.2	1.8	2	1.8	1.5	2.5	0.7	2.1
chr21	36764669	36764670	0.115	RBC_COUNT	3.2	2.7	2.7	1.1	4.4	1.3	0.4	0.8	0.7	0.6	0.8	1
chr22	50964153	50964154	0.4933	RBC_COUNT	16.2	16.6	16.5	17.1	39.4	39.4	41.1	45.2	45	33.1	25	26.9
chr22	50978262	50978263	0.1167	RBC_COUNT	8.5	7.5	6.6	6.4	12.6	11.6	8.5	7.7	8.3	7.1	12	8.3
chr22	43115519	43115520	0.2677	RBC_COUNT	0.4	0.9	0.8	1	2.5	3.9	5.6	6	5.9	6	5.4	3.2
chr22	43113793	43113794	0.239	RBC_COUNT	0.2	0.1	0.3	0.5	2.3	22.5	30.4	41.7	33.4	10.3	7.2	4.4
chr1	199010721	199010722	0.2602	RBC_COUNT	28.2	28.8	23.6	31.7	14.2	8.5	5.4	2.6	0.9	0.8	0.7	1.2
chr3	195831783	195831784	0.13	RBC_COUNT	0.1	0.2	1.3	1.4	1.7	1	0.8	0.8	0.5	1.3	1	1.3
chr3	71254751	71254752	0.1164	RBC_COUNT	0.5	0.5	1.2	0.8	1.4	0.8	1.1	0.5	0.6	1.2	1.4	2
chr4	55408999	55409000	0.9998	RBC_COUNT	8.5	10	18.9	23.6	2.6	15.2	19.4	17.4	2.9	1.8	2.5	2.6
chr4	55812079	55812080	0.1203	RBC_COUNT	8.4	6.9	9.2	6.3	1.7	1.4	1.2	0.6	0.8	1.4	1	0.8
chr1	231558054	231558055	0.369	RBC_COUNT	28.5	30.1	26.6	23.8	24	18.3	21.2	24.7	34.4	30.5	22.2	16.3
chr5	1104938	1104939	0.5121	RBC_COUNT	24.5	22	14.7	13.2	8.4	12.4	12.6	13	9	8	10.5	8.9
chr5	1102706	1102707	0.1346	RBC_COUNT	1.9	1.7	2.2	2.4	7	5.6	6.8	3.9	3.3	4	3.1	4.3
chr5	88125853	88125854	0.3864	RBC_COUNT	0.5	0.6	1.1	1.4	1.4	1.6	0.8	0.9	1.2	1.9	1.2	1.6
chr5	88180196	88180197	0.1103	RBC_COUNT	37.4	35.2	20.2	19.7	4.4	5.5	5.4	5	2.7	2.9	1.7	3.1
chr6	135418635	135418636	0.4834	RBC_COUNT	0.1	0.3	4	16.1	1.4	8.9	9.6	14.1	8.2	2.9	2.3	0.7
chr6	135419688	135419689	0.1045	RBC_COUNT	0.1	0.1	0.3	2.1	0.8	4.5	5.1	7.6	12.7	9.6	20.6	10.4
chr6	41924998	41924999	0.9999	RBC_COUNT	0	0.3	0.5	2.5	0.5	5.7	8.7	12.1	23.8	17.6	13.4	32.3
chr6	41925159	41925160	0.9439	RBC_COUNT	0	0.3	0.5	2.5	0.5	5.7	8.7	12.1	23.8	17.6	13.4	32.3
chr6	41909521	41909522	0.359	RBC_COUNT	6.8	7.6	11.2	13.1	23.7	25.6	24.2	27.6	33.2	29.6	25.7	21.8
chr6	41944095	41944096	0.3101	RBC_COUNT	0	0.1	0	0.4	1.4	1.9	2	1.5	3.4	3.4	2	1.8
chr6	41921241	41921242	0.1584	RBC_COUNT	0.1	0.1	0.3	0.6	0.8	6.2	6.8	13	22.3	13.9	8	3.1
chr6	139841653	139841654	0.2176	RBC_COUNT	0.3	0.2	3.7	0.7	3.3	1.2	1.1	1.1	0.8	1	1.2	1.8
chr6	139839444	139839445	0.1136	RBC_COUNT	0.1	0.3	6.8	4	9.8	2.7	4.6	5	4.4	3.5	4.5	4.5
chr6	43737486	43737487	0.2368	RBC_COUNT	9.2	10.1	8.5	9.4	12.8	19.8	22	22.4	24.7	16.9	22	20.4
chr6	43806335	43806336	0.1701	RBC_COUNT	2.5	2.4	1.7	1.7	4.7	5.1	5.6	4.4	3.9	4.6	6.2	4.4
chr6	43806315	43806316	0.1416	RBC_COUNT	2.5	2.4	1.7	1.7	4.7	5.1	5.6	4.4	3.9	4.6	6.2	4.4
chr6	43742626	43742627	0.1321	RBC_COUNT	3.6	3.6	2.8	3.8	6.2	10.5	9.2	9.1	7.9	8.1	7.6	9.6
chr6	7232389	7232390	0.2614	RBC_COUNT	0.2	0.4	0.5	1.5	2.6	2.4	2	2	1.6	2.7	1.8	2.2
chr6	36602027	36602028	0.9753	RBC_COUNT	1.1	1.1	1.2	2.4	3.6	3.8	2.8	2.4	1.1	1.4	1	1.6
chr7	100240296	100240297	0.2578	RBC_COUNT	0.5	0.6	2	4.9	2.2	14.3	15.9	15.8	16.6	14.7	19.6	12.8
chr7	100225193	100225194	0.1151	RBC_COUNT	0.6	1	0.8	2	2.2	4.8	5.8	4.1	4.4	7.3	3.7	4.6
chr7	50427982	50427983	0.9989	RBC_COUNT	1.2	1.1	2	4.8	3.4	8.1	11.7	13.4	13	10.2	8	12.6
chr7	44808223	44808224	0.8003	RBC_COUNT	3.9	4.8	2.9	5.5	3.1	8.7	11.5	11	17	14.9	18.6	10
chr7	1286912	1286913	0.1403	RBC_COUNT	0.7	1.1	0.9	1.1	3.6	2.2	1.8	2.1	1.8	2.2	2.4	3.3
chr8	21779937	21779938	0.2919	RBC_COUNT	6.9	7.4	6	5.2	4	7.1	9.2	10.3	14.4	12.6	17.5	16.4
chr9	4852599	4852600	0.2323	RBC_COUNT	0.1	0.4	1.1	6.9	2.3	26.2	31.7	46.1	71.6	57.8	64.8	41.9
chr10	71094504	71094505	0.6524	RBC_COUNT	1.9	2.1	5	13.6	4.2	26.9	32.5	34.6	56	41.6	37.5	15.1
chr10	45406608	45406609	0.7413	RBC_COUNT	2.4	1.5	3.9	14.8	2.8	8.1	7.5	7.7	1.6	0.8	1.9	1.7
chr10	51577841	51577842	0.2374	RBC_COUNT	1.2	1.2	1.3	2.5	0.8	0.9	1.5	1.2	1.5	3.2	2.6	2
chr10	51575535	51575536	0.1963	RBC_COUNT	0.5	0.4	1	1.4	2.5	2.8	2.4	1.5	3.3	4.5	5.8	3.8
chr11	61549025	61549026	0.1377	RBC_COUNT	0.3	0.3	0.8	1.2	2.6	3.9	3.4	3.5	1.9	3.6	3.5	5
chr11	19221518	19221519	0.1115	RBC_COUNT	9.8	8.9	8.7	29.4	5.3	9.1	4.9	1.9	0.5	1.6	1	1.3
chr12	4330068	4330069	0.1319	RBC_COUNT	0	0.1	2	4.1	1.9	3.8	3.6	3	1.4	1	0.8	1.6
chr12	48499131	48499132	0.1943	RBC_COUNT	3.5	3.6	4	6.2	2.6	4.4	4.8	6.6	7.5	6.5	5.6	6.4
chr1	155178782	155178783	0.7895	RBC_COUNT	14.1	13.6	13.3	15.6	20.5	26.4	27.4	25.5	21.6	17.8	19.3	16.5
chr16	170076	170077	1	RBC_COUNT	0.1	0.1	0.3	1.6	3.4	10.6	16.5	23.5	47.2	53	48.1	22.8
chr16	209816	209817	0.1642	RBC_COUNT	0.1	0.2	0.1	0.5	1.9	1.2	1.6	1.7	2.5	2.9	3.4	2.3
