var	seqnames.x	start.x	end.x	PP.x	meanP2_4	meanP5_6	FC	gene	motif
6:41924998_C_T	chr6	41924968	41925218	1	11.45666208	27.80692942	2.427140578	UBR2	NA
6:41924998_C_T	chr6	41924968	41925218	1	11.45666208	27.80692942	2.427140578	TSPO2	NA
7:50427982_G_A	chr7	50427766	50428016	1	11.39869266	13.66967044	1.199231425	NA	PURA
16:170076_G_C	chr16	169942	170192	1	21.91548624	66.65802049	3.041594412	HBA2	ZIC2
16:170076_G_C	chr16	169942	170192	1	21.91548624	66.65802049	3.041594412	HBA2	GLI1
16:170076_G_C	chr16	169942	170192	1	21.91548624	66.65802049	3.041594412	HBA2	GLIS3
16:170076_G_C	chr16	169942	170192	1	21.91548624	66.65802049	3.041594412	HBA2	REST
16:170076_G_C	chr16	169942	170192	1	21.91548624	66.65802049	3.041594412	HBA2	RREB1
16:170076_G_C	chr16	169942	170192	1	21.91548624	66.65802049	3.041594412	HBA2	ZIC1
16:170076_G_C	chr16	169942	170192	1	21.91548624	66.65802049	3.041594412	HBA2	GLI3
16:170076_G_C	chr16	169942	170192	1	21.91548624	66.65802049	3.041594412	HBA2	ZIC3
16:170076_G_C	chr16	169942	170192	1	21.91548624	66.65802049	3.041594412	HBA2	KLF8
16:170076_G_C	chr16	169942	170192	1	21.91548624	66.65802049	3.041594412	HBA2	ZBTB7A
16:170076_G_C	chr16	169942	170192	1	21.91548624	66.65802049	3.041594412	HBA2	GLI2
16:170076_G_C	chr16	169942	170192	1	21.91548624	66.65802049	3.041594412	HBA1	ZIC2
16:170076_G_C	chr16	169942	170192	1	21.91548624	66.65802049	3.041594412	HBA1	GLI1
16:170076_G_C	chr16	169942	170192	1	21.91548624	66.65802049	3.041594412	HBA1	GLIS3
16:170076_G_C	chr16	169942	170192	1	21.91548624	66.65802049	3.041594412	HBA1	REST
16:170076_G_C	chr16	169942	170192	1	21.91548624	66.65802049	3.041594412	HBA1	RREB1
16:170076_G_C	chr16	169942	170192	1	21.91548624	66.65802049	3.041594412	HBA1	ZIC1
16:170076_G_C	chr16	169942	170192	1	21.91548624	66.65802049	3.041594412	HBA1	GLI3
16:170076_G_C	chr16	169942	170192	1	21.91548624	66.65802049	3.041594412	HBA1	ZIC3
16:170076_G_C	chr16	169942	170192	1	21.91548624	66.65802049	3.041594412	HBA1	KLF8
16:170076_G_C	chr16	169942	170192	1	21.91548624	66.65802049	3.041594412	HBA1	ZBTB7A
16:170076_G_C	chr16	169942	170192	1	21.91548624	66.65802049	3.041594412	HBA1	GLI2
16:170076_G_C	chr16	169942	170192	1	21.91548624	66.65802049	3.041594412	HBM	ZIC2
16:170076_G_C	chr16	169942	170192	1	21.91548624	66.65802049	3.041594412	HBM	GLI1
16:170076_G_C	chr16	169942	170192	1	21.91548624	66.65802049	3.041594412	HBM	GLIS3
16:170076_G_C	chr16	169942	170192	1	21.91548624	66.65802049	3.041594412	HBM	REST
16:170076_G_C	chr16	169942	170192	1	21.91548624	66.65802049	3.041594412	HBM	RREB1
16:170076_G_C	chr16	169942	170192	1	21.91548624	66.65802049	3.041594412	HBM	ZIC1
16:170076_G_C	chr16	169942	170192	1	21.91548624	66.65802049	3.041594412	HBM	GLI3
16:170076_G_C	chr16	169942	170192	1	21.91548624	66.65802049	3.041594412	HBM	ZIC3
16:170076_G_C	chr16	169942	170192	1	21.91548624	66.65802049	3.041594412	HBM	KLF8
16:170076_G_C	chr16	169942	170192	1	21.91548624	66.65802049	3.041594412	HBM	ZBTB7A
16:170076_G_C	chr16	169942	170192	1	21.91548624	66.65802049	3.041594412	HBM	GLI2
1:118251143_C_T	chr1	118251038	118251288	0.9997	14.03408815	21.654915	1.543022587	FAM46C	NA
1:203281175_G_C	chr1	203280970	203281220	0.9994	48.36264109	67.74405256	1.400751717	UBE2T	SRF
1:203281175_G_C	chr1	203280970	203281220	0.9994	48.36264109	67.74405256	1.400751717	KLHL12	SRF
1:203281175_G_C	chr1	203280970	203281220	0.9994	48.36264109	67.74405256	1.400751717	ADIPOR1	SRF
1:203281175_G_C	chr1	203280970	203281220	0.9994	48.36264109	67.74405256	1.400751717	TMEM183A	SRF
6:41925159_G_A	chr6	41924968	41925218	0.9987	11.45666208	27.80692942	2.427140578	UBR2	KLF8
6:41925159_G_A	chr6	41924968	41925218	0.9987	11.45666208	27.80692942	2.427140578	TSPO2	KLF8
11:94886632_T_C	chr11	94886562	94886812	0.9779	65.42812392	175.8548082	2.687755626	SESN3	NA
11:94886632_T_C	chr11	94886562	94886812	0.9779	65.42812392	175.8548082	2.687755626	ENDOD1	NA
11:94886632_T_C	chr11	94886562	94886812	0.9779	65.42812392	175.8548082	2.687755626	CEP57	NA
11:94886632_T_C	chr11	94886562	94886812	0.9779	65.42812392	175.8548082	2.687755626	ANKRD49	NA
6:41909521_CCG_C	chr6	41909486	41909736	0.9714	34.22821808	40.28155308	1.17685218	NA	NA
8:41630447_G_A	chr8	41630267	41630517	0.9665	42.89895825	93.41604349	2.17758303	ANK1	GLI2
8:41630447_G_A	chr8	41630267	41630517	0.9665	42.89895825	93.41604349	2.17758303	VDAC3	GLI2
12:57146069_T_G	chr12	57146039	57146289	0.9526	17.08149566	17.45133278	1.021651332	NA	NA
16:87886490_C_T	chr16	87886461	87886711	0.6157	21.1252384	37.2959994	1.765471172	NA	ATF6
9:135860412_G_A	chr9	135860258	135860508	0.4827	41.44051116	77.17949897	1.862416674	GFI1B	MBD2
9:135860412_G_A	chr9	135860258	135860508	0.4827	41.44051116	77.17949897	1.862416674	GFI1B	HAND1
9:135860412_G_A	chr9	135860258	135860508	0.4827	41.44051116	77.17949897	1.862416674	GFI1B	VDR
20:55990405_T_C	chr20	55990234	55990484	0.4345	143.0029702	289.9796876	2.027787866	NA	SMAD2
20:55990405_T_C	chr20	55990234	55990484	0.4345	143.0029702	289.9796876	2.027787866	NA	SMAD4
20:55990405_T_C	chr20	55990234	55990484	0.4345	143.0029702	289.9796876	2.027787866	NA	SMAD3
20:55990405_T_C	chr20	55990234	55990484	0.4345	143.0029702	289.9796876	2.027787866	NA	HAND1
17:76183233_C_T	chr17	76183163	76183413	0.4019	61.5756578	77.13324058	1.252658004	NA	NA
9:140117933_G_GC	chr9	140117883	140118133	0.3945	35.34288884	40.73264206	1.152498944	NA	NA
2:8756183_C_T	chr2	8755968	8756218	0.3424	53.55276389	115.4884586	2.156535914	MBOAT2	REL
2:8756183_C_T	chr2	8755968	8756218	0.3424	53.55276389	115.4884586	2.156535914	MBOAT2	NFKB1
2:8756183_C_T	chr2	8755968	8756218	0.3424	53.55276389	115.4884586	2.156535914	MBOAT2	ETV5
2:8756183_C_T	chr2	8755968	8756218	0.3424	53.55276389	115.4884586	2.156535914	MBOAT2	NFKB2
3:195854522_G_A	chr3	195854503	195854753	0.3157	19.46600525	28.11836024	1.444485393	NA	ATF5
19:33072069_G_A	chr19	33071906	33072156	0.3139	35.33832802	50.66602395	1.433741402	NA	ATF3
19:33072085_A_G	chr19	33071906	33072156	0.2968	35.33832802	50.66602395	1.433741402	NA	TFAP2B
19:33072085_A_G	chr19	33071906	33072156	0.2968	35.33832802	50.66602395	1.433741402	NA	TFAP2D
9:140117968_A_G	chr9	140117883	140118133	0.294	35.34288884	40.73264206	1.152498944	NA	NA
10:46096500_GC_G	chr10	46096340	46096590	0.2238	2.44502651	3.253673161	1.33073124	NA	NA
7:100240296_A_G	chr7	100240279	100240529	0.2226	19.03832384	20.31844249	1.067239042	NA	PPARG
7:100240296_A_G	chr7	100240279	100240529	0.2226	19.03832384	20.31844249	1.067239042	NA	NR2F2
7:100240296_A_G	chr7	100240279	100240529	0.2226	19.03832384	20.31844249	1.067239042	NA	ETV7
7:100240296_A_G	chr7	100240279	100240529	0.2226	19.03832384	20.31844249	1.067239042	NA	ETV5
7:100240296_A_G	chr7	100240279	100240529	0.2226	19.03832384	20.31844249	1.067239042	NA	RXRA
7:100240296_A_G	chr7	100240279	100240529	0.2226	19.03832384	20.31844249	1.067239042	NA	HNF4G
19:12994618_C_T	chr19	12994543	12994793	0.2192	8.535791349	23.96692888	2.807815691	NA	PPARG
16:163598_G_A	chr16	163479	163729	0.2048	99.28861694	192.1782719	1.935551907	HBA2	NA
16:163598_G_A	chr16	163479	163729	0.2048	99.28861694	192.1782719	1.935551907	HBA1	NA
16:163598_G_A	chr16	163479	163729	0.2048	99.28861694	192.1782719	1.935551907	HBM	NA
16:163598_G_A	chr16	163479	163729	0.2048	99.28861694	192.1782719	1.935551907	DECR2	NA
19:12996500_A_G	chr19	12996444	12996694	0.1941	10.73699492	12.21711128	1.137852012	NA	NA
7:5234362_G_T	chr7	5234281	5234531	0.1939	4.443916735	4.583663467	1.031446748	EIF2AK1	NA
7:5234362_G_T	chr7	5234281	5234531	0.1939	4.443916735	4.583663467	1.031446748	WIPI2	NA
1:118153977_T_G	chr1	118153806	118154056	0.1916	45.78050339	86.24576446	1.88389725	FAM46C	MEIS2
1:118153977_T_G	chr1	118153806	118154056	0.1916	45.78050339	86.24576446	1.88389725	FAM46C	FOXF1
1:118153977_T_G	chr1	118153806	118154056	0.1916	45.78050339	86.24576446	1.88389725	FAM46C	MAFB
9:4852599_A_G	chr9	4852446	4852696	0.1865	48.410584	90.73013571	1.874179739	NA	GATA1
9:4852599_A_G	chr9	4852446	4852696	0.1865	48.410584	90.73013571	1.874179739	NA	GATA2
12:133049093_G_A	chr12	133049022	133049272	0.1847	1.778316404	2.680310192	1.50721783	NA	ZBTB7B
12:133049093_G_A	chr12	133049022	133049272	0.1847	1.778316404	2.680310192	1.50721783	NA	TFAP2B
20:30650303_G_A	chr20	30650291	30650541	0.1719	0.924785152	1.331757882	1.440072734	NA	NA
15:31548996_G_T	chr15	31548883	31549133	0.1671	90.46342182	194.8090834	2.153456938	NA	NA
20:3747759_T_G	chr20	3747665	3747915	0.1564	17.9891787	40.86375557	2.271574276	NA	SPI1
20:3747759_T_G	chr20	3747665	3747915	0.1564	17.9891787	40.86375557	2.271574276	NA	NR2C2
20:3747759_T_G	chr20	3747665	3747915	0.1564	17.9891787	40.86375557	2.271574276	NA	NR2F6
20:3747759_T_G	chr20	3747665	3747915	0.1564	17.9891787	40.86375557	2.271574276	NA	PPARD
20:3747759_T_G	chr20	3747665	3747915	0.1564	17.9891787	40.86375557	2.271574276	NA	MAZ
20:3747759_T_G	chr20	3747665	3747915	0.1564	17.9891787	40.86375557	2.271574276	NA	PURA
20:3747759_T_G	chr20	3747665	3747915	0.1564	17.9891787	40.86375557	2.271574276	NA	PPARA
16:87886545_C_T	chr16	87886461	87886711	0.1381	21.1252384	37.2959994	1.765471172	NA	GATA2
16:87886545_C_T	chr16	87886461	87886711	0.1381	21.1252384	37.2959994	1.765471172	NA	GATA1
16:87886545_C_T	chr16	87886461	87886711	0.1381	21.1252384	37.2959994	1.765471172	NA	GATA5
8:21779937_C_G	chr8	21779702	21779952	0.1306	9.344336036	15.31934135	1.639425347	NA	NA
3:66448307_A_G	chr3	66448223	66448473	0.128	1.330236762	1.834702854	1.379230304	NA	HBP1
2:112252585_G_C	chr2	112252462	112252712	0.1192	1.737449982	3.247485826	1.869110397	NA	GLI2
19:12911252_CA_C	chr19	12911159	12911409	0.1012	18.97575179	42.52609602	2.241075689	NA	NA
2:53993037_TTCTTTGGTGCTCCATTGATAAGAGCACCC_T	chr2	53993020	53993270	0.1001	5.513908876	6.754841352	1.225054948	PSME4	NA
2:53993037_TTCTTTGGTGCTCCATTGATAAGAGCACCC_T	chr2	53993020	53993270	0.1001	5.513908876	6.754841352	1.225054948	CHAC2	NA