var	PP.x	FC	gene	qvalue	cor	motif	pchic_gene
4:55408999_T_C	1	-3.09483628559749	NA	NA	NA	NA	NA
6:41924998_C_T	1	1.27925767041491	UBR2	0.000222836169854833	0.629	NA	NA
6:41924998_C_T	1	1.27925767041491	TSPO2	0.0000000102408461457465	0.812	NA	NA
7:50427982_G_A	1	0.262110093546727	NA	NA	NA	PURA	HUS1
7:50427982_G_A	1	0.262110093546727	NA	NA	NA	PURA	IKZF1
8:41630447_G_A	1	1.12272772894955	ANK1	0.00000000000000781358765799469	0.933	GLI2	NA
8:41630447_G_A	1	1.12272772894955	VDAC3	0.0000737377208561947	0.656	GLI2	NA
16:170076_G_C	1	1.60482778676326	HBA2	0.00000000000000000398085750164313	0.963	ZIC2	NA
16:170076_G_C	1	1.60482778676326	HBA2	0.00000000000000000398085750164313	0.963	GLI1	NA
16:170076_G_C	1	1.60482778676326	HBA2	0.00000000000000000398085750164313	0.963	GLIS3	NA
16:170076_G_C	1	1.60482778676326	HBA2	0.00000000000000000398085750164313	0.963	REST	NA
16:170076_G_C	1	1.60482778676326	HBA2	0.00000000000000000398085750164313	0.963	RREB1	NA
16:170076_G_C	1	1.60482778676326	HBA2	0.00000000000000000398085750164313	0.963	ZIC1	NA
16:170076_G_C	1	1.60482778676326	HBA2	0.00000000000000000398085750164313	0.963	GLI3	NA
16:170076_G_C	1	1.60482778676326	HBA2	0.00000000000000000398085750164313	0.963	ZIC3	NA
16:170076_G_C	1	1.60482778676326	HBA2	0.00000000000000000398085750164313	0.963	KLF8	NA
16:170076_G_C	1	1.60482778676326	HBA2	0.00000000000000000398085750164313	0.963	ZBTB7A	NA
16:170076_G_C	1	1.60482778676326	HBA2	0.00000000000000000398085750164313	0.963	GLI2	NA
16:170076_G_C	1	1.60482778676326	HBA1	0.00000000000000000250591098290228	0.964	ZIC2	NA
16:170076_G_C	1	1.60482778676326	HBA1	0.00000000000000000250591098290228	0.964	GLI1	NA
16:170076_G_C	1	1.60482778676326	HBA1	0.00000000000000000250591098290228	0.964	GLIS3	NA
16:170076_G_C	1	1.60482778676326	HBA1	0.00000000000000000250591098290228	0.964	REST	NA
16:170076_G_C	1	1.60482778676326	HBA1	0.00000000000000000250591098290228	0.964	RREB1	NA
16:170076_G_C	1	1.60482778676326	HBA1	0.00000000000000000250591098290228	0.964	ZIC1	NA
16:170076_G_C	1	1.60482778676326	HBA1	0.00000000000000000250591098290228	0.964	GLI3	NA
16:170076_G_C	1	1.60482778676326	HBA1	0.00000000000000000250591098290228	0.964	ZIC3	NA
16:170076_G_C	1	1.60482778676326	HBA1	0.00000000000000000250591098290228	0.964	KLF8	NA
16:170076_G_C	1	1.60482778676326	HBA1	0.00000000000000000250591098290228	0.964	ZBTB7A	NA
16:170076_G_C	1	1.60482778676326	HBA1	0.00000000000000000250591098290228	0.964	GLI2	NA
16:170076_G_C	1	1.60482778676326	HBM	0.0000000000000000049923607024993	0.962	ZIC2	NA
16:170076_G_C	1	1.60482778676326	HBM	0.0000000000000000049923607024993	0.962	GLI1	NA
16:170076_G_C	1	1.60482778676326	HBM	0.0000000000000000049923607024993	0.962	GLIS3	NA
16:170076_G_C	1	1.60482778676326	HBM	0.0000000000000000049923607024993	0.962	REST	NA
16:170076_G_C	1	1.60482778676326	HBM	0.0000000000000000049923607024993	0.962	RREB1	NA
16:170076_G_C	1	1.60482778676326	HBM	0.0000000000000000049923607024993	0.962	ZIC1	NA
16:170076_G_C	1	1.60482778676326	HBM	0.0000000000000000049923607024993	0.962	GLI3	NA
16:170076_G_C	1	1.60482778676326	HBM	0.0000000000000000049923607024993	0.962	ZIC3	NA
16:170076_G_C	1	1.60482778676326	HBM	0.0000000000000000049923607024993	0.962	KLF8	NA
16:170076_G_C	1	1.60482778676326	HBM	0.0000000000000000049923607024993	0.962	ZBTB7A	NA
16:170076_G_C	1	1.60482778676326	HBM	0.0000000000000000049923607024993	0.962	GLI2	NA
19:1855583_C_T	1	-0.0768987579513591	GADD45B	0.000000934657264640849	0.743	TAL1	NA
19:1855583_C_T	1	-0.0768987579513591	MKNK2	0.000000149649650165432	0.773	TAL1	NA
19:1855583_C_T	1	-0.0768987579513591	DOT1L	0.000150681054825086	0.639	TAL1	NA
19:1855583_C_T	1	-0.0768987579513591	OAZ1	0.0000125519975683916	0.695	TAL1	NA
19:1855583_C_T	1	-0.0768987579513591	STK11	0.0000396535881692882	0.67	TAL1	NA
19:1855583_C_T	1	-0.0768987579513591	MIDN	0.0000983767255113928	0.649	TAL1	NA
19:1855583_C_T	1	-0.0768987579513591	CFD	0.0000888016564307457	0.652	TAL1	NA
19:1855583_C_T	1	-0.0768987579513591	C19orf24	0.000696316986615219	0.599	TAL1	NA
19:33754548_C_T	1	-1.31033085983697	NA	NA	NA	NA	NA
1:118251143_C_T	0.9997	0.625759180648879	FAM46C	0.00012427633545381	0.644	NA	NA
1:203281175_G_C	0.9994	0.486201261239391	UBE2T	0.000040462378279376	0.67	SRF	NA
1:203281175_G_C	0.9994	0.486201261239391	KLHL12	0.000275796834284313	0.624	SRF	NA
1:203281175_G_C	0.9994	0.486201261239391	ADIPOR1	0.0000874322076464018	0.652	SRF	NA
1:203281175_G_C	0.9994	0.486201261239391	TMEM183A	0.0000000146411102852355	0.807	SRF	NA
6:41925159_G_A	0.9987	1.27925767041491	UBR2	0.000222836169854833	0.629	KLF8	NA
6:41925159_G_A	0.9987	1.27925767041491	TSPO2	0.0000000102408461457465	0.812	KLF8	NA
11:94886632_T_C	0.9779	1.42640197271465	SESN3	0.0000151180634882751	0.691	NA	CEP57
11:94886632_T_C	0.9779	1.42640197271465	SESN3	0.0000151180634882751	0.691	NA	FAM76B
11:94886632_T_C	0.9779	1.42640197271465	SESN3	0.0000151180634882751	0.691	NA	CCDC82
11:94886632_T_C	0.9779	1.42640197271465	SESN3	0.0000151180634882751	0.691	NA	JRKL
11:94886632_T_C	0.9779	1.42640197271465	ENDOD1	0.00000000397746921265258	0.824	NA	CEP57
11:94886632_T_C	0.9779	1.42640197271465	ENDOD1	0.00000000397746921265258	0.824	NA	FAM76B
11:94886632_T_C	0.9779	1.42640197271465	ENDOD1	0.00000000397746921265258	0.824	NA	CCDC82
11:94886632_T_C	0.9779	1.42640197271465	ENDOD1	0.00000000397746921265258	0.824	NA	JRKL
11:94886632_T_C	0.9779	1.42640197271465	CEP57	0.0000021556055318087	0.729	NA	CEP57
11:94886632_T_C	0.9779	1.42640197271465	CEP57	0.0000021556055318087	0.729	NA	FAM76B
11:94886632_T_C	0.9779	1.42640197271465	CEP57	0.0000021556055318087	0.729	NA	CCDC82
11:94886632_T_C	0.9779	1.42640197271465	CEP57	0.0000021556055318087	0.729	NA	JRKL
11:94886632_T_C	0.9779	1.42640197271465	ANKRD49	0.000618638989017394	0.602	NA	CEP57
11:94886632_T_C	0.9779	1.42640197271465	ANKRD49	0.000618638989017394	0.602	NA	FAM76B
11:94886632_T_C	0.9779	1.42640197271465	ANKRD49	0.000618638989017394	0.602	NA	CCDC82
11:94886632_T_C	0.9779	1.42640197271465	ANKRD49	0.000618638989017394	0.602	NA	JRKL
5:1104938_C_T	0.9775	-0.853130088622273	SLC12A7	0.0000000776219289716437	0.783	NA	NA
5:1104938_C_T	0.9775	-0.853130088622273	NDUFS6	0.000172761199144925	0.636	NA	NA
5:1104938_C_T	0.9775	-0.853130088622273	PLEKHG4B	0.000109368071897244	0.647	NA	NA
6:41909521_CCG_C	0.9714	0.234933120817651	NA	NA	NA	NA	CCND3
6:41909521_CCG_C	0.9714	0.234933120817651	NA	NA	NA	NA	TAF8
12:57146069_T_G	0.9526	0.0309029183043463	NA	NA	NA	NA	SDR9C7
12:57146069_T_G	0.9526	0.0309029183043463	NA	NA	NA	NA	GPR182
12:57146069_T_G	0.9526	0.0309029183043463	NA	NA	NA	NA	ZBTB39
12:57146069_T_G	0.9526	0.0309029183043463	NA	NA	NA	NA	MYO1A
12:57146069_T_G	0.9526	0.0309029183043463	NA	NA	NA	NA	NAB2
12:57146069_T_G	0.9526	0.0309029183043463	NA	NA	NA	NA	LRP1
12:57146069_T_G	0.9526	0.0309029183043463	NA	NA	NA	NA	STAT6
6:135418635_C_T	0.9487	-0.986368407664903	HBS1L	0.0000155395264872978	0.69	NA	NA
22:50964153_T_C	0.9227	-0.0827392325548798	PANX2	0.000856151272181124	0.593	MAZ	NA
22:50964153_T_C	0.9227	-0.0827392325548798	PANX2	0.000856151272181124	0.593	SP4	NA
22:50964153_T_C	0.9227	-0.0827392325548798	HDAC10	0.0000000856030538470975	0.782	MAZ	NA
22:50964153_T_C	0.9227	-0.0827392325548798	HDAC10	0.0000000856030538470975	0.782	SP4	NA
22:50964153_T_C	0.9227	-0.0827392325548798	KLHDC7B	0.0000243785564644639	0.681	MAZ	NA
22:50964153_T_C	0.9227	-0.0827392325548798	KLHDC7B	0.0000243785564644639	0.681	SP4	NA
16:67250992_C_T	0.8489	-0.540226911112477	NUTF2	0.00000120217400337744	0.739	ELF2	E2F4
16:67250992_C_T	0.8489	-0.540226911112477	NUTF2	0.00000120217400337744	0.739	ELF2	EXOC3L1
16:67250992_C_T	0.8489	-0.540226911112477	NUTF2	0.00000120217400337744	0.739	ELF2	KIAA0895L
16:67250992_C_T	0.8489	-0.540226911112477	NUTF2	0.00000120217400337744	0.739	ELF2	FHOD1
16:67250992_C_T	0.8489	-0.540226911112477	NUTF2	0.00000120217400337744	0.739	ELF2	LRRC29
16:67250992_C_T	0.8489	-0.540226911112477	NUTF2	0.00000120217400337744	0.739	ELF2	TMEM208
16:67250992_C_T	0.8489	-0.540226911112477	DPEP3	0.000147113861019246	0.64	ELF2	E2F4
16:67250992_C_T	0.8489	-0.540226911112477	DPEP3	0.000147113861019246	0.64	ELF2	EXOC3L1
16:67250992_C_T	0.8489	-0.540226911112477	DPEP3	0.000147113861019246	0.64	ELF2	KIAA0895L
16:67250992_C_T	0.8489	-0.540226911112477	DPEP3	0.000147113861019246	0.64	ELF2	FHOD1
16:67250992_C_T	0.8489	-0.540226911112477	DPEP3	0.000147113861019246	0.64	ELF2	LRRC29
16:67250992_C_T	0.8489	-0.540226911112477	DPEP3	0.000147113861019246	0.64	ELF2	TMEM208
2:60718043_T_G	0.844	1.29486258124306	NA	NA	NA	PRDM1	NA
12:133047979_A_G	0.809	-2.10480445405803	PXMP2	0.00000468012502062484	0.714	MYOG	NA
12:133047979_A_G	0.809	-2.10480445405803	PXMP2	0.00000468012502062484	0.714	TFAP4	NA
7:44808223_G_A	0.8003	0.637013765981335	TMED4	0.00081430832897048	0.595	NA	OGDH
7:44808223_G_A	0.8003	0.637013765981335	TMED4	0.00081430832897048	0.595	NA	TBRG4
7:44808223_G_A	0.8003	0.637013765981335	ADCY1	0.000176159886704914	0.635	NA	OGDH
7:44808223_G_A	0.8003	0.637013765981335	ADCY1	0.000176159886704914	0.635	NA	TBRG4
17:76124810_A_AG	0.7956	-0.863987007820045	NA	NA	NA	NA	NA
16:88858646_T_G	0.794	-1.52494412812824	SLC7A5	0.000015885994833719	0.69	NA	NA
16:88858646_T_G	0.794	-1.52494412812824	PIEZO1	0.0000240188759356698	0.681	NA	NA
16:88858646_T_G	0.794	-1.52494412812824	CBFA2T3	0.00000250545151377823	0.726	NA	NA
16:88858646_T_G	0.794	-1.52494412812824	CDT1	0.000000534932595911861	0.753	NA	NA
16:88858646_T_G	0.794	-1.52494412812824	ANKRD11	0.000833702599545531	0.594	NA	NA
16:88858646_T_G	0.794	-1.52494412812824	ZNF469	0.000185266253415158	0.634	NA	NA
1:155178782_A_T	0.7895	-0.418582803151687	ZBTB7B	0.0000302209416369467	0.676	NA	NA
20:55990405_T_C	0.7665	1.01990673463608	NA	NA	NA	SMAD2	AURKA
20:55990405_T_C	0.7665	1.01990673463608	NA	NA	NA	SMAD2	CSTF1
20:55990405_T_C	0.7665	1.01990673463608	NA	NA	NA	SMAD4	AURKA
20:55990405_T_C	0.7665	1.01990673463608	NA	NA	NA	SMAD4	CSTF1
20:55990405_T_C	0.7665	1.01990673463608	NA	NA	NA	SMAD3	AURKA
20:55990405_T_C	0.7665	1.01990673463608	NA	NA	NA	SMAD3	CSTF1
20:55990405_T_C	0.7665	1.01990673463608	NA	NA	NA	HAND1	AURKA
20:55990405_T_C	0.7665	1.01990673463608	NA	NA	NA	HAND1	CSTF1
10:45406608_T_C	0.7413	-3.21074276482993	TMEM72	0.00000218935516767707	0.728	NOBOX	HNRNPF
10:45406608_T_C	0.7413	-3.21074276482993	TMEM72	0.00000218935516767707	0.728	NOBOX	ZNF485
10:45406608_T_C	0.7413	-3.21074276482993	TMEM72	0.00000218935516767707	0.728	NOBOX	C10orf10
10:45406608_T_C	0.7413	-3.21074276482993	TMEM72	0.00000218935516767707	0.728	NOBOX	ALOX5
20:4157072_C_G	0.7035	0.911293850809107	NA	NA	NA	TFEB	NA
20:52230030_TAGATAGCG_T	0.6745	-0.0966440986218382	NA	NA	NA	NA	ZNF217
2:112250758_G_A	0.6261	-0.563271393982754	TTL	0.000305278447522329	0.621	NA	NA
16:87886490_C_T	0.6157	0.820053264004544	NA	NA	NA	ATF6	NA
11:33913568_T_C	0.5695	0.0556708852503602	NA	NA	NA	NA	NA
14:65537559_T_A	0.5486	0.487672038950193	NA	NA	NA	TCF4	NA
14:65537559_T_A	0.5486	0.487672038950193	NA	NA	NA	TWIST1	NA
14:65537559_T_A	0.5486	0.487672038950193	NA	NA	NA	NFIA+NFIB+NFIC+NFIX	NA
14:65537559_T_A	0.5486	0.487672038950193	NA	NA	NA	BHLHE41	NA
22:50978262_G_A	0.5085	-0.286180018015399	PPP6R2	0.0000000271256076539597	0.799	SRF	NA
22:50978262_G_A	0.5085	-0.286180018015399	PPP6R2	0.0000000271256076539597	0.799	SPIB	NA
22:50978262_G_A	0.5085	-0.286180018015399	PPP6R2	0.0000000271256076539597	0.799	SPI1	NA
22:50978262_G_A	0.5085	-0.286180018015399	SBF1	0.0000000606104332570228	0.787	SRF	NA
22:50978262_G_A	0.5085	-0.286180018015399	SBF1	0.0000000606104332570228	0.787	SPIB	NA
22:50978262_G_A	0.5085	-0.286180018015399	SBF1	0.0000000606104332570228	0.787	SPI1	NA
22:50978262_G_A	0.5085	-0.286180018015399	BRD1	0.0000458515580606604	0.667	SRF	NA
22:50978262_G_A	0.5085	-0.286180018015399	BRD1	0.0000458515580606604	0.667	SPIB	NA
22:50978262_G_A	0.5085	-0.286180018015399	BRD1	0.0000458515580606604	0.667	SPI1	NA
22:50978262_G_A	0.5085	-0.286180018015399	HDAC10	0.000330381239010205	0.619	SRF	NA
22:50978262_G_A	0.5085	-0.286180018015399	HDAC10	0.000330381239010205	0.619	SPIB	NA
22:50978262_G_A	0.5085	-0.286180018015399	HDAC10	0.000330381239010205	0.619	SPI1	NA
22:50978262_G_A	0.5085	-0.286180018015399	TUBGCP6	0.000000229313963876247	0.767	SRF	NA
22:50978262_G_A	0.5085	-0.286180018015399	TUBGCP6	0.000000229313963876247	0.767	SPIB	NA
22:50978262_G_A	0.5085	-0.286180018015399	TUBGCP6	0.000000229313963876247	0.767	SPI1	NA
22:50978262_G_A	0.5085	-0.286180018015399	KLHDC7B	0.0000000143059594732519	0.807	SRF	NA
22:50978262_G_A	0.5085	-0.286180018015399	KLHDC7B	0.0000000143059594732519	0.807	SPIB	NA
22:50978262_G_A	0.5085	-0.286180018015399	KLHDC7B	0.0000000143059594732519	0.807	SPI1	NA
22:50978262_G_A	0.5085	-0.286180018015399	ALG12	0.000797019131086458	0.595	SRF	NA
22:50978262_G_A	0.5085	-0.286180018015399	ALG12	0.000797019131086458	0.595	SPIB	NA
22:50978262_G_A	0.5085	-0.286180018015399	ALG12	0.000797019131086458	0.595	SPI1	NA
14:74208345_CGCTCCTCTGCAGGCTTCCGCA_C	0.4859	0.65496618888099	ALDH6A1	0.000268930679471489	0.625	NA	NA
9:135860412_G_A	0.4827	0.897175879827916	GFI1B	0.0000236341596153675	0.681	MBD2	NA
9:135860412_G_A	0.4827	0.897175879827916	GFI1B	0.0000236341596153675	0.681	HAND1	NA
9:135860412_G_A	0.4827	0.897175879827916	GFI1B	0.0000236341596153675	0.681	VDR	NA
17:7816486_CT_C	0.4798	-0.161972351924686	SLC25A35	0.0000367572352628787	0.672	NA	NA
17:7816486_CT_C	0.4798	-0.161972351924686	EIF5A	0.000752411264638974	0.597	NA	NA
17:7816486_CT_C	0.4798	-0.161972351924686	CHD3	0.000953984698963908	0.59	NA	NA
17:7816486_CT_C	0.4798	-0.161972351924686	CTDNEP1	0.000000759991649415905	0.747	NA	NA
17:7816486_CT_C	0.4798	-0.161972351924686	PER1	0.00014212908661936	0.64	NA	NA
17:7816486_CT_C	0.4798	-0.161972351924686	POLR2A	0.0000624348993542605	0.66	NA	NA
17:7816486_CT_C	0.4798	-0.161972351924686	DNAH2	0.00000820596294511066	0.703	NA	NA
17:7816486_CT_C	0.4798	-0.161972351924686	VAMP2	0.0000438708495729428	0.668	NA	NA
17:76183233_C_T	0.4504	0.324992588917828	NA	NA	NA	NA	TMC6
17:76183233_C_T	0.4504	0.324992588917828	NA	NA	NA	NA	TMC8
19:33072085_A_G	0.4269	0.519784834262032	NA	NA	NA	TFAP2B	NA
19:33072085_A_G	0.4269	0.519784834262032	NA	NA	NA	TFAP2D	NA
9:140117933_G_GC	0.3945	0.20476542864007	NA	NA	NA	NA	NA
20:31108108_A_C	0.3867	-0.686700277511646	BCL2L1	0.000054142212365967	0.663	IRF5	NA
20:31108108_A_C	0.3867	-0.686700277511646	BCL2L1	0.000054142212365967	0.663	HOXC6	NA
19:33072069_G_A	0.3656	0.519784834262032	NA	NA	NA	ATF3	NA
9:140117968_A_G	0.3539	0.20476542864007	NA	NA	NA	NA	NA
7:149153834_C_T	0.3486	-1.2677258661795	NA	NA	NA	HAND1	ZNF783
7:149153834_C_T	0.3486	-1.2677258661795	NA	NA	NA	NFATC1	ZNF783
7:149153834_C_T	0.3486	-1.2677258661795	NA	NA	NA	RBPJ	ZNF783
12:133047851_GGAACTCACA_G	0.3481	-2.10480445405803	PXMP2	0.00000468012502062484	0.714	NA	NA
2:8756183_C_T	0.3424	1.10871574215196	MBOAT2	0.00000220791835823551	0.728	REL	CMPK2
2:8756183_C_T	0.3424	1.10871574215196	MBOAT2	0.00000220791835823551	0.728	REL	RSAD2
2:8756183_C_T	0.3424	1.10871574215196	MBOAT2	0.00000220791835823551	0.728	REL	RNF144A
2:8756183_C_T	0.3424	1.10871574215196	MBOAT2	0.00000220791835823551	0.728	NFKB1	CMPK2
2:8756183_C_T	0.3424	1.10871574215196	MBOAT2	0.00000220791835823551	0.728	NFKB1	RSAD2
2:8756183_C_T	0.3424	1.10871574215196	MBOAT2	0.00000220791835823551	0.728	NFKB1	RNF144A
2:8756183_C_T	0.3424	1.10871574215196	MBOAT2	0.00000220791835823551	0.728	ETV5	CMPK2
2:8756183_C_T	0.3424	1.10871574215196	MBOAT2	0.00000220791835823551	0.728	ETV5	RSAD2
2:8756183_C_T	0.3424	1.10871574215196	MBOAT2	0.00000220791835823551	0.728	ETV5	RNF144A
2:8756183_C_T	0.3424	1.10871574215196	MBOAT2	0.00000220791835823551	0.728	NFKB2	CMPK2
2:8756183_C_T	0.3424	1.10871574215196	MBOAT2	0.00000220791835823551	0.728	NFKB2	RSAD2
2:8756183_C_T	0.3424	1.10871574215196	MBOAT2	0.00000220791835823551	0.728	NFKB2	RNF144A
1:118153977_T_G	0.3354	0.913720281124478	FAM46C	0.00000464738465049076	0.714	MEIS2	NA
1:118153977_T_G	0.3354	0.913720281124478	FAM46C	0.00000464738465049076	0.714	FOXF1	NA
1:118153977_T_G	0.3354	0.913720281124478	FAM46C	0.00000464738465049076	0.714	MAFB	NA
3:195854522_G_A	0.3157	0.530555614851628	NA	NA	NA	ATF5	TFRC
6:41944095_G_GA	0.3101	1.14858287812865	NA	NA	NA	NA	NA
8:21779937_C_G	0.2919	0.713190208686343	NA	NA	NA	NA	HR
8:21779937_C_G	0.2919	0.713190208686343	NA	NA	NA	NA	REEP4
10:103872328_A_T	0.2733	-1.15039242870287	NA	NA	NA	NA	MGEA5
10:103872328_A_T	0.2733	-1.15039242870287	NA	NA	NA	NA	CUEDC2
10:103872328_A_T	0.2733	-1.15039242870287	NA	NA	NA	NA	PSD
16:88566411_G_C	0.2648	-1.57090587242583	ZFPM1	0.000820829875578484	0.594	ZBTB4	NA
7:100240296_A_G	0.2645	0.0938833496722866	NA	NA	NA	PPARG	NA
7:100240296_A_G	0.2645	0.0938833496722866	NA	NA	NA	NR2F2	NA
7:100240296_A_G	0.2645	0.0938833496722866	NA	NA	NA	ETV7	NA
7:100240296_A_G	0.2645	0.0938833496722866	NA	NA	NA	ETV5	NA
7:100240296_A_G	0.2645	0.0938833496722866	NA	NA	NA	RXRA	NA
7:100240296_A_G	0.2645	0.0938833496722866	NA	NA	NA	HNF4G	NA
12:4330068_TTC_T	0.2616	-1.56484274701819	NA	NA	NA	NA	NA
1:199010721_C_T	0.2602	-2.74015810869075	NA	NA	NA	NA	NA
16:87886545_C_T	0.2586	0.820053264004544	NA	NA	NA	GATA2	NA
16:87886545_C_T	0.2586	0.820053264004544	NA	NA	NA	GATA1	NA
16:87886545_C_T	0.2586	0.820053264004544	NA	NA	NA	GATA5	NA
22:43113793_C_A	0.239	-0.606093799934626	NA	NA	NA	NA	NA
6:43737486_C_T	0.2368	-0.12864809541685	NA	NA	NA	NA	NA
19:12994618_C_T	0.2359	1.48944823798221	NA	NA	NA	PPARG	DHPS
19:12994618_C_T	0.2359	1.48944823798221	NA	NA	NA	PPARG	TNPO2
19:12994618_C_T	0.2359	1.48944823798221	NA	NA	NA	PPARG	SYCE2
19:12994618_C_T	0.2359	1.48944823798221	NA	NA	NA	PPARG	CALR
19:12994618_C_T	0.2359	1.48944823798221	NA	NA	NA	PPARG	FARSA
19:12994618_C_T	0.2359	1.48944823798221	NA	NA	NA	PPARG	RAD23A
19:12994618_C_T	0.2359	1.48944823798221	NA	NA	NA	PPARG	DAND5
19:12994618_C_T	0.2359	1.48944823798221	NA	NA	NA	PPARG	GADD45GIP1
19:12994618_C_T	0.2359	1.48944823798221	NA	NA	NA	PPARG	NFIX
19:12996500_A_G	0.2352	0.18631293447074	NA	NA	NA	NA	SYCE2
19:12996500_A_G	0.2352	0.18631293447074	NA	NA	NA	NA	CALR
19:12996500_A_G	0.2352	0.18631293447074	NA	NA	NA	NA	FARSA
19:12996500_A_G	0.2352	0.18631293447074	NA	NA	NA	NA	RAD23A
19:12996500_A_G	0.2352	0.18631293447074	NA	NA	NA	NA	DAND5
19:12996500_A_G	0.2352	0.18631293447074	NA	NA	NA	NA	GADD45GIP1
19:12996500_A_G	0.2352	0.18631293447074	NA	NA	NA	NA	NFIX
9:4852599_A_G	0.2323	0.906259318313553	NA	NA	NA	GATA1	JAK2
9:4852599_A_G	0.2323	0.906259318313553	NA	NA	NA	GATA1	CD274
9:4852599_A_G	0.2323	0.906259318313553	NA	NA	NA	GATA2	JAK2
9:4852599_A_G	0.2323	0.906259318313553	NA	NA	NA	GATA2	CD274
10:46096500_GC_G	0.2238	0.412219228369483	NA	NA	NA	NA	NA
14:102994065_T_C	0.2164	-0.957874206996666	TNFAIP2	0.0000196407696085301	0.685	SP4	RCOR1
3:195809116_A_C	0.2118	0.49059973802065	NA	NA	NA	PLAGL1	SLC51A
3:195809116_A_C	0.2118	0.49059973802065	NA	NA	NA	PLAGL1	ZDHHC19
2:112252585_G_C	0.2085	0.902351782676476	NA	NA	NA	GLI2	NA
16:209816_T_C	0.2066	1.01463063695127	NA	NA	NA	NA	NA
16:163598_G_A	0.2048	0.952744998107208	HBA2	0.000000083046989069496	0.782	NA	MRPL28
16:163598_G_A	0.2048	0.952744998107208	HBA1	0.0000000416777109718253	0.792	NA	MRPL28
16:163598_G_A	0.2048	0.952744998107208	HBM	0.0000000525200935025861	0.789	NA	MRPL28
16:163598_G_A	0.2048	0.952744998107208	DECR2	0.0000271656074942912	0.678	NA	MRPL28
6:43737794_A_G	0.1982	0.0913578826231348	NA	NA	NA	NA	NA
12:48499131_G_T	0.1943	0.537683481339705	RPAP3	0.000469561814813602	0.61	NA	NA
12:48499131_G_T	0.1943	0.537683481339705	CCNT1	0.00000000358285520307517	0.825	NA	NA
12:48499131_G_T	0.1943	0.537683481339705	ASB8	0.0000571852020539946	0.662	NA	NA
7:5234362_G_T	0.1939	0.0446693395674884	EIF2AK1	0.0000004125209320143	0.757	NA	NA
7:5234362_G_T	0.1939	0.0446693395674884	WIPI2	0.0000000488352257116548	0.79	NA	NA
6:41921241_G_T	0.1922	1.10263180457364	UBR2	0.00000000682419532223314	0.817	LHX3	NA
6:41921241_G_T	0.1922	1.10263180457364	UBR2	0.00000000682419532223314	0.817	ZFHX3	NA
6:41921241_G_T	0.1922	1.10263180457364	UBR2	0.00000000682419532223314	0.817	PDX1	NA
6:41921241_G_T	0.1922	1.10263180457364	UBR2	0.00000000682419532223314	0.817	HNF1A	NA
6:41921241_G_T	0.1922	1.10263180457364	TSPO2	0.00000000000000119792218295861	0.942	LHX3	NA
6:41921241_G_T	0.1922	1.10263180457364	TSPO2	0.00000000000000119792218295861	0.942	ZFHX3	NA
6:41921241_G_T	0.1922	1.10263180457364	TSPO2	0.00000000000000119792218295861	0.942	PDX1	NA
6:41921241_G_T	0.1922	1.10263180457364	TSPO2	0.00000000000000119792218295861	0.942	HNF1A	NA
6:41921241_G_T	0.1922	1.10263180457364	APOBEC2	0.000000673703748148033	0.749	LHX3	NA
6:41921241_G_T	0.1922	1.10263180457364	APOBEC2	0.000000673703748148033	0.749	ZFHX3	NA
6:41921241_G_T	0.1922	1.10263180457364	APOBEC2	0.000000673703748148033	0.749	PDX1	NA
6:41921241_G_T	0.1922	1.10263180457364	APOBEC2	0.000000673703748148033	0.749	HNF1A	NA
12:121157851_A_G	0.1922	-0.410160278065512	DYNLL1	0.000130194429958729	0.643	NA	POP5
12:121157851_A_G	0.1922	-0.410160278065512	DYNLL1	0.000130194429958729	0.643	NA	ACADS
12:121157851_A_G	0.1922	-0.410160278065512	CIT	0.0000263451589261012	0.679	NA	POP5
12:121157851_A_G	0.1922	-0.410160278065512	CIT	0.0000263451589261012	0.679	NA	ACADS
6:135415004_C_T	0.1915	-3.24918882497598	HBS1L	0.00000989627016572921	0.699	SOX18	MYB
6:135415004_C_T	0.1915	-3.24918882497598	HBS1L	0.00000989627016572921	0.699	NFAT5	MYB
6:135415004_C_T	0.1915	-3.24918882497598	HBS1L	0.00000989627016572921	0.699	MECOM	MYB
12:133049093_G_A	0.1847	0.591887936834136	NA	NA	NA	ZBTB7B	NA
12:133049093_G_A	0.1847	0.591887936834136	NA	NA	NA	TFAP2B	NA
20:31108088_CA_C	0.1839	-0.686700277511646	BCL2L1	0.000054142212365967	0.663	NA	NA
11:16402901_GCA_G	0.1797	1.29078240350804	SOX6	0.000000000000556101900275197	0.907	NA	NA
20:30650303_G_A	0.1719	0.526141680218834	NA	NA	NA	NA	NA
6:43806335_T_C	0.1701	-0.259439584304479	VEGFA	0.0000000111403929802195	0.811	NA	NA
6:43806335_T_C	0.1701	-0.259439584304479	SLC29A1	0.0000249828828332014	0.68	NA	NA
6:43806335_T_C	0.1701	-0.259439584304479	YIPF3	0.00083792412360267	0.594	NA	NA
15:31548996_G_T	0.1671	1.10665447508198	NA	NA	NA	NA	KLF13
1:3691434_C_CGCA	0.1595	-0.444611371997279	NA	NA	NA	NA	KLHL21
1:3691434_C_CGCA	0.1595	-0.444611371997279	NA	NA	NA	NA	PHF13
17:28667268_C_G	0.158	-0.759836525548869	NA	NA	NA	BPTF	NSRP1
8:30280833_G_A	0.1564	-3.41367562135654	NA	NA	NA	MEF2C	NA
8:30280833_G_A	0.1564	-3.41367562135654	NA	NA	NA	MEF2A	NA
8:30280833_G_A	0.1564	-3.41367562135654	NA	NA	NA	NR2F1	NA
8:30280833_G_A	0.1564	-3.41367562135654	NA	NA	NA	TBP	NA
20:3747759_T_G	0.1564	1.18369247932854	NA	NA	NA	SPI1	NA
20:3747759_T_G	0.1564	1.18369247932854	NA	NA	NA	NR2C2	NA
20:3747759_T_G	0.1564	1.18369247932854	NA	NA	NA	NR2F6	NA
20:3747759_T_G	0.1564	1.18369247932854	NA	NA	NA	PPARD	NA
20:3747759_T_G	0.1564	1.18369247932854	NA	NA	NA	MAZ	NA
20:3747759_T_G	0.1564	1.18369247932854	NA	NA	NA	PURA	NA
20:3747759_T_G	0.1564	1.18369247932854	NA	NA	NA	PPARA	NA
17:38183505_T_TG	0.1541	-0.563416819721615	NA	NA	NA	NA	MSL1
6:43806315_C_CTAAG	0.1416	-0.259439584304479	VEGFA	0.0000000111403929802195	0.811	NA	NA
6:43806315_C_CTAAG	0.1416	-0.259439584304479	SLC29A1	0.0000249828828332014	0.68	NA	NA
6:43806315_C_CTAAG	0.1416	-0.259439584304479	YIPF3	0.00083792412360267	0.594	NA	NA
8:128972721_A_G	0.1369	-0.000505496278640358	NA	NA	NA	ETS2	NA
6:43742626_T_C	0.1321	-0.401327626182402	VEGFA	0.00000000345842224003163	0.826	NA	NA
6:43806609_G_A	0.1318	-0.505717809469015	VEGFA	0.0000000111403929802195	0.811	NA	NA
6:43806609_G_A	0.1318	-0.505717809469015	SLC29A1	0.0000249828828332014	0.68	NA	NA
6:43806609_G_A	0.1318	-0.505717809469015	YIPF3	0.00083792412360267	0.594	NA	NA
19:18589943_C_T	0.1304	-0.0261653480597786	C19orf60	0.000217135934766604	0.63	NA	NA
19:18589943_C_T	0.1304	-0.0261653480597786	HOMER3	0.000000000000415069335156629	0.909	NA	NA
19:18589943_C_T	0.1304	-0.0261653480597786	ELL	0.000857234590126137	0.593	NA	NA
19:18589943_C_T	0.1304	-0.0261653480597786	MAP1S	0.0000764019778881485	0.655	NA	NA
19:18589943_C_T	0.1304	-0.0261653480597786	GATAD2A	0.000156461310265973	0.638	NA	NA
19:18589943_C_T	0.1304	-0.0261653480597786	LRRC25	0.000560691311899319	0.605	NA	NA
8:130604563_G_A	0.1299	-1.24484666704895	NA	NA	NA	HNF4A	MYC
3:66448307_A_G	0.128	0.463863378540959	NA	NA	NA	HBP1	NA
12:121454313_C_A	0.1168	0.539140833892542	RNF10	0.0000963280209292156	0.65	NA	POP5
12:121454313_C_A	0.1168	0.539140833892542	RNF10	0.0000963280209292156	0.65	NA	CABP1
2:58985331_G_A	0.1165	-0.851919216808492	FANCL	0.000579399638295999	0.604	ZBTB7A	NA
2:58985331_G_A	0.1165	-0.851919216808492	FANCL	0.000579399638295999	0.604	INSM1	NA
5:173287763_G_A	0.116	0.817674054926736	NA	NA	NA	STAT4	BOD1
5:173287763_G_A	0.116	0.817674054926736	NA	NA	NA	STAT3	BOD1
5:173287763_G_A	0.116	0.817674054926736	NA	NA	NA	STAT1	BOD1
5:173287763_G_A	0.116	0.817674054926736	NA	NA	NA	STAT5A	BOD1
5:173287763_G_A	0.116	0.817674054926736	NA	NA	NA	BCL6	BOD1
5:173287763_G_A	0.116	0.817674054926736	NA	NA	NA	STAT5B	BOD1
5:173287851_G_A	0.1147	0.817674054926736	NA	NA	NA	ELF5	BOD1
5:173287851_G_A	0.1147	0.817674054926736	NA	NA	NA	NR1I3	BOD1
5:173287851_G_A	0.1147	0.817674054926736	NA	NA	NA	REL	BOD1
5:173287851_G_A	0.1147	0.817674054926736	NA	NA	NA	NFKB2	BOD1
22:37484337_T_C	0.1131	-1.29408537221253	NA	NA	NA	NR3C2	NA
6:26224377_A_G	0.1123	-0.292927550002359	NA	NA	NA	FOXD3	HIST1H2AB
6:26224377_A_G	0.1123	-0.292927550002359	NA	NA	NA	FOXD3	HIST1H2BB
6:26224377_A_G	0.1123	-0.292927550002359	NA	NA	NA	FOXD3	HIST1H3C
6:26224377_A_G	0.1123	-0.292927550002359	NA	NA	NA	FOXD3	HIST1H2AE
6:26224377_A_G	0.1123	-0.292927550002359	NA	NA	NA	FOXD3	HIST1H2BG
6:26224377_A_G	0.1123	-0.292927550002359	NA	NA	NA	FOXD3	HIST1H2AG
6:26224377_A_G	0.1123	-0.292927550002359	NA	NA	NA	FOXD3	HIST1H2BJ
6:26224377_A_G	0.1123	-0.292927550002359	NA	NA	NA	FOXD3	HIST1H4I
6:26224377_A_G	0.1123	-0.292927550002359	NA	NA	NA	FOXD3	HIST1H3H
6:26224377_A_G	0.1123	-0.292927550002359	NA	NA	NA	FOXD3	HIST1H4J
6:26224377_A_G	0.1123	-0.292927550002359	NA	NA	NA	FOXD3	HIST1H4K
6:26224377_A_G	0.1123	-0.292927550002359	NA	NA	NA	FOXD3	HIST1H2AL
6:26224377_A_G	0.1123	-0.292927550002359	NA	NA	NA	FOXD3	HIST1H1B
6:26224377_A_G	0.1123	-0.292927550002359	NA	NA	NA	FOXD3	HIST1H3I
6:26224377_A_G	0.1123	-0.292927550002359	NA	NA	NA	FOXD3	HIST1H4L
6:26224377_A_G	0.1123	-0.292927550002359	NA	NA	NA	FOXD3	HIST1H2AM
6:26224377_A_G	0.1123	-0.292927550002359	NA	NA	NA	FOXD3	HIST1H3J
11:19221518_G_A	0.1115	-2.45093825237267	GTF2H1	0.000322554786900487	0.62	ELF3	NA
6:26233882_C_G	0.1049	-0.551585194255369	NA	NA	NA	EGR3	HIST1H2AB
6:26233882_C_G	0.1049	-0.551585194255369	NA	NA	NA	EGR3	HIST1H2BB
6:26233882_C_G	0.1049	-0.551585194255369	NA	NA	NA	EGR3	HIST1H3C
6:26233882_C_G	0.1049	-0.551585194255369	NA	NA	NA	EGR3	HIST1H2AE
6:26233882_C_G	0.1049	-0.551585194255369	NA	NA	NA	EGR3	HIST1H2BG
6:26233882_C_G	0.1049	-0.551585194255369	NA	NA	NA	EGR3	HIST1H2AG
6:26233882_C_G	0.1049	-0.551585194255369	NA	NA	NA	EGR3	HIST1H2BJ
6:26233882_C_G	0.1049	-0.551585194255369	NA	NA	NA	EGR3	HIST1H4I
6:26233882_C_G	0.1049	-0.551585194255369	NA	NA	NA	EGR3	HIST1H3H
6:26233882_C_G	0.1049	-0.551585194255369	NA	NA	NA	EGR3	HIST1H4J
6:26233882_C_G	0.1049	-0.551585194255369	NA	NA	NA	EGR3	HIST1H4K
6:26233882_C_G	0.1049	-0.551585194255369	NA	NA	NA	EGR3	HIST1H2AL
6:26233882_C_G	0.1049	-0.551585194255369	NA	NA	NA	EGR3	HIST1H1B
6:26233882_C_G	0.1049	-0.551585194255369	NA	NA	NA	EGR3	HIST1H3I
6:26233882_C_G	0.1049	-0.551585194255369	NA	NA	NA	EGR3	HIST1H4L
6:26233882_C_G	0.1049	-0.551585194255369	NA	NA	NA	EGR3	HIST1H2AM
6:26233882_C_G	0.1049	-0.551585194255369	NA	NA	NA	EGR3	HIST1H3J
6:26233882_C_G	0.1049	-0.551585194255369	NA	NA	NA	KLF6	HIST1H2AB
6:26233882_C_G	0.1049	-0.551585194255369	NA	NA	NA	KLF6	HIST1H2BB
6:26233882_C_G	0.1049	-0.551585194255369	NA	NA	NA	KLF6	HIST1H3C
6:26233882_C_G	0.1049	-0.551585194255369	NA	NA	NA	KLF6	HIST1H2AE
6:26233882_C_G	0.1049	-0.551585194255369	NA	NA	NA	KLF6	HIST1H2BG
6:26233882_C_G	0.1049	-0.551585194255369	NA	NA	NA	KLF6	HIST1H2AG
6:26233882_C_G	0.1049	-0.551585194255369	NA	NA	NA	KLF6	HIST1H2BJ
6:26233882_C_G	0.1049	-0.551585194255369	NA	NA	NA	KLF6	HIST1H4I
6:26233882_C_G	0.1049	-0.551585194255369	NA	NA	NA	KLF6	HIST1H3H
6:26233882_C_G	0.1049	-0.551585194255369	NA	NA	NA	KLF6	HIST1H4J
6:26233882_C_G	0.1049	-0.551585194255369	NA	NA	NA	KLF6	HIST1H4K
6:26233882_C_G	0.1049	-0.551585194255369	NA	NA	NA	KLF6	HIST1H2AL
6:26233882_C_G	0.1049	-0.551585194255369	NA	NA	NA	KLF6	HIST1H1B
6:26233882_C_G	0.1049	-0.551585194255369	NA	NA	NA	KLF6	HIST1H3I
6:26233882_C_G	0.1049	-0.551585194255369	NA	NA	NA	KLF6	HIST1H4L
6:26233882_C_G	0.1049	-0.551585194255369	NA	NA	NA	KLF6	HIST1H2AM
6:26233882_C_G	0.1049	-0.551585194255369	NA	NA	NA	KLF6	HIST1H3J
6:135419688_T_C	0.1045	0.996905786622055	HBS1L	0.000207087883752856	0.631	NA	NA
6:26224403_T_G	0.1041	-0.292927550002359	NA	NA	NA	HOXD4	HIST1H2AB
6:26224403_T_G	0.1041	-0.292927550002359	NA	NA	NA	HOXD4	HIST1H2BB
6:26224403_T_G	0.1041	-0.292927550002359	NA	NA	NA	HOXD4	HIST1H3C
6:26224403_T_G	0.1041	-0.292927550002359	NA	NA	NA	HOXD4	HIST1H2AE
6:26224403_T_G	0.1041	-0.292927550002359	NA	NA	NA	HOXD4	HIST1H2BG
6:26224403_T_G	0.1041	-0.292927550002359	NA	NA	NA	HOXD4	HIST1H2AG
6:26224403_T_G	0.1041	-0.292927550002359	NA	NA	NA	HOXD4	HIST1H2BJ
6:26224403_T_G	0.1041	-0.292927550002359	NA	NA	NA	HOXD4	HIST1H4I
6:26224403_T_G	0.1041	-0.292927550002359	NA	NA	NA	HOXD4	HIST1H3H
6:26224403_T_G	0.1041	-0.292927550002359	NA	NA	NA	HOXD4	HIST1H4J
6:26224403_T_G	0.1041	-0.292927550002359	NA	NA	NA	HOXD4	HIST1H4K
6:26224403_T_G	0.1041	-0.292927550002359	NA	NA	NA	HOXD4	HIST1H2AL
6:26224403_T_G	0.1041	-0.292927550002359	NA	NA	NA	HOXD4	HIST1H1B
6:26224403_T_G	0.1041	-0.292927550002359	NA	NA	NA	HOXD4	HIST1H3I
6:26224403_T_G	0.1041	-0.292927550002359	NA	NA	NA	HOXD4	HIST1H4L
6:26224403_T_G	0.1041	-0.292927550002359	NA	NA	NA	HOXD4	HIST1H2AM
6:26224403_T_G	0.1041	-0.292927550002359	NA	NA	NA	HOXD4	HIST1H3J
16:88572019_C_T	0.1028	0.141702851829343	NA	NA	NA	TWIST1	NA
16:88572019_C_T	0.1028	0.141702851829343	NA	NA	NA	NFIA+NFIB+NFIC+NFIX	NA
16:88572019_C_T	0.1028	0.141702851829343	NA	NA	NA	TLX1	NA
7:135346309_TTTC_T	0.1025	-0.456640293758246	NA	NA	NA	NA	NA
19:12911252_CA_C	0.1012	1.16419137466705	NA	NA	NA	NA	TNPO2
2:53993037_TTCTTTGGTGCTCCATTGATAAGAGCACCC_T	0.1001	0.29284646075688	PSME4	0.0000000270261259194762	0.799	NA	NA
2:53993037_TTCTTTGGTGCTCCATTGATAAGAGCACCC_T	0.1001	0.29284646075688	CHAC2	0.0000468361106630497	0.666	NA	NA
