CHR	BP	REF	ALT
chrX	55054634	G	C
chrX	55054635	A	G
chrX	55054636	T	C
chr1	155271258	T	C
chr10	127505271	A	G
chr10	127505291	G	T
chr9	136144716	A	C
chr11	5271262	A	G
chr1	155271269	C	G
chr1	155271259	C	G
chr11	5255790	A	G
chr11	5255789	T	A
chr8	41655182	T	A
chr10	71075518	A	G
chrX	55057617	G	C
chr1	159174683	T	C
chr9	136150682	G	C
chr19	12998082	G	A
chr11	5276543	A	C
chr11	5271260	A	G
chr16	222853	C	T
chr16	222821	G	A
chr6	49604581	T	C
chr11	118955323	G	A
chr11	118955413	C	T
chr11	118955474	G	A
chr11	118955622	T	A
chr11	118955641	C	T
chr11	118955716	A	C
chr6	41925159	G	A
chr6	109625879	G	A
chr17	76375095	A	G
chr20	55990405	T	C
chr1	3691528	A	G